time, m1_pwm, m2_pwm, m3_pwm, m4_pwm, set_pwm, calc_volt_m1, calc_volt_m2, calc_volt_m3, calc_volt_m4
0, 0, 0, 0, 0, 0, 0, 0, 0, 0
50, 0, 0, 0, 0, 0, 0, 0, 0, 0
100, 0, 0, 0, 0, 0, 0, 0, 0, 0
150, 347, 347, 0, 0, 256, 0.0205708446169442, 0.0205708446169442, 0, 0
200, 347, 347, 347, 347, 256, 0.0205428938648471, 0.0205428938648471, 0.0205428938648471, 0.0205428938648471
250, 694, 694, 347, 347, 512, 0.0410857877296942, 0.0410857877296942, 0.0205428938648471, 0.0205428938648471
300, 694, 694, 694, 694, 512, 0.0410857877296942, 0.0410857877296942, 0.0410857877296942, 0.0410857877296942
350, 1039, 1039, 694, 694, 768, 0.061510278748058, 0.061510278748058, 0.0410857877296942, 0.0410857877296942
400, 1039, 1039, 1039, 1039, 768, 0.061510278748058, 0.061510278748058, 0.061510278748058, 0.061510278748058
450, 1382, 1382, 1038, 1038, 1024, 0.0819276866300197, 0.0819276866300197, 0.061534687931954, 0.061534687931954
500, 1384, 1384, 1384, 1384, 1024, 0.0819347697664218, 0.0819347697664218, 0.0819347697664218, 0.0819347697664218
550, 1727, 1727, 1384, 1384, 1280, 0.102240857938302, 0.102240857938302, 0.0819347697664218, 0.0819347697664218
600, 1727, 1727, 1727, 1727, 1280, 0.102240857938302, 0.102240857938302, 0.102240857938302, 0.102240857938302
650, 2069, 2069, 1727, 1727, 1536, 0.122487744686941, 0.122487744686941, 0.102240857938302, 0.102240857938302
700, 2066, 2066, 2066, 2066, 1536, 0.122476556134313, 0.122476556134313, 0.122476556134313, 0.122476556134313
750, 2410, 2410, 2069, 2069, 1792, 0.142675430012339, 0.142675430012339, 0.122487744686941, 0.122487744686941
800, 2410, 2410, 2410, 2410, 1792, 0.142675430012339, 0.142675430012339, 0.142675430012339, 0.142675430012339
850, 2750, 2750, 2410, 2410, 2048, 0.162803913914494, 0.162803913914494, 0.142675430012339, 0.142675430012339
900, 2750, 2750, 2750, 2750, 2048, 0.162803913914494, 0.162803913914494, 0.162803913914494, 0.162803913914494
950, 3088, 3088, 2750, 2750, 2304, 0.182813994970167, 0.182813994970167, 0.162803913914494, 0.162803913914494
1000, 3088, 3088, 3088, 3088, 2304, 0.182813994970167, 0.182813994970167, 0.182813994970167, 0.182813994970167
1050, 3425, 3425, 3088, 3088, 2560, 0.202764874602597, 0.202764874602597, 0.182813994970167, 0.182813994970167
1100, 3425, 3425, 3425, 3425, 2560, 0.202764874602597, 0.202764874602597, 0.202764874602597, 0.202764874602597
1150, 3762, 3762, 3425, 3425, 2816, 0.222715754235028, 0.222715754235028, 0.202764874602597, 0.202764874602597
1200, 3762, 3762, 3762, 3762, 2816, 0.222715754235028, 0.222715754235028, 0.222715754235028, 0.222715754235028
1250, 4102, 3767, 3767, 3767, 3072, 0.242513838117743, 0.222708344268537, 0.222708344268537, 0.222708344268537
1300, 4102, 4102, 4102, 4102, 3072, 0.242513838117743, 0.242513838117743, 0.242513838117743, 0.242513838117743
1350, 4437, 4102, 4102, 4102, 3328, 0.262319331966949, 0.242513838117743, 0.242513838117743, 0.242513838117743
1400, 4437, 4437, 4437, 4437, 3328, 0.262319331966949, 0.262319331966949, 0.262319331966949, 0.262319331966949
1450, 4770, 4437, 4437, 4437, 3584, 0.282006584061832, 0.262319331966949, 0.262319331966949, 0.262319331966949
1500, 4770, 4770, 4770, 4437, 3584, 0.282006584061832, 0.282006584061832, 0.282006584061832, 0.262319331966949
1550, 5102, 4770, 4770, 4770, 3840, 0.301634715279553, 0.282006584061832, 0.282006584061832, 0.282006584061832
1600, 5102, 5102, 5102, 5102, 3840, 0.301634715279553, 0.301634715279553, 0.301634715279553, 0.301634715279553
1650, 5433, 5102, 5102, 5102, 4096, 0.321203725620112, 0.301634715279553, 0.301634715279553, 0.301634715279553
1700, 5433, 5433, 5433, 5102, 4096, 0.321203725620112, 0.321203725620112, 0.321203725620112, 0.301634715279553
1750, 5770, 5440, 5440, 5440, 4352, 0.340662710343053, 0.321179401085998, 0.321179401085998, 0.321179401085998
1800, 5770, 5770, 5770, 5440, 4352, 0.340662710343053, 0.340662710343053, 0.340662710343053, 0.321179401085998
1850, 6099, 5770, 5770, 5770, 4608, 0.360086979269026, 0.340662710343053, 0.340662710343053, 0.340662710343053
1900, 6099, 6099, 6099, 5770, 4608, 0.360086979269026, 0.360086979269026, 0.360086979269026, 0.340662710343053
1950, 6427, 6099, 6099, 6099, 4864, 0.379452207863917, 0.360086979269026, 0.360086979269026, 0.360086979269026
2000, 6427, 6427, 6427, 6099, 4864, 0.379452207863917, 0.379452207863917, 0.379452207863917, 0.360086979269026
2050, 6754, 6427, 6427, 6427, 5120, 0.398758396127727, 0.379452207863917, 0.379452207863917, 0.379452207863917
2100, 6754, 6754, 6754, 6427, 5120, 0.398758396127727, 0.398758396127727, 0.398758396127727, 0.379452207863917
2150, 6754, 6754, 6754, 6754, 5120, 0.398758396127727, 0.398758396127727, 0.398758396127727, 0.398758396127727
2200, 7080, 7080, 7080, 6754, 5376, 0.418005544060454, 0.418005544060454, 0.418005544060454, 0.398758396127727
2250, 7080, 7080, 7080, 7080, 5376, 0.418005544060454, 0.418005544060454, 0.418005544060454, 0.418005544060454
2300, 7404, 7404, 7404, 7080, 5632, 0.437134611331017, 0.437134611331017, 0.437134611331017, 0.418005544060454
2350, 7404, 7404, 7404, 7404, 5632, 0.437134611331017, 0.437134611331017, 0.437134611331017, 0.437134611331017
2400, 7738, 7738, 7738, 7414, 5888, 0.456230816346717, 0.456230816346717, 0.456230816346717, 0.437127846006017
2450, 7738, 7738, 7738, 7738, 5888, 0.456230816346717, 0.456230816346717, 0.456230816346717, 0.456230816346717
2500, 8060, 8060, 8060, 7738, 6144, 0.475215867117412, 0.475215867117412, 0.475215867117412, 0.456230816346717
2550, 8049, 8049, 8049, 8049, 6144, 0.475215624878897, 0.475215624878897, 0.475215624878897, 0.475215624878897
2600, 8382, 8382, 8382, 8060, 6400, 0.494200917888108, 0.494200917888108, 0.494200917888108, 0.475215867117412
2650, 8382, 8382, 8382, 8382, 6400, 0.494200917888108, 0.494200917888108, 0.494200917888108, 0.494200917888108
2700, 8702, 8702, 8702, 8382, 6656, 0.513068049088799, 0.513068049088799, 0.513068049088799, 0.494200917888108
2750, 8702, 8702, 8702, 8702, 6656, 0.513068049088799, 0.513068049088799, 0.513068049088799, 0.513068049088799
2800, 9021, 9021, 8702, 8702, 6912, 0.531876220504488, 0.531876220504488, 0.513068049088799, 0.513068049088799
2850, 9021, 9021, 9021, 9021, 6912, 0.531876220504488, 0.531876220504488, 0.531876220504488, 0.531876220504488
2900, 9351, 9351, 9033, 9033, 7168, 0.550579763162761, 0.550579763162761, 0.531856165185458, 0.531856165185458
2950, 9351, 9351, 9351, 9351, 7168, 0.550579763162761, 0.550579763162761, 0.550579763162761, 0.550579763162761
3000, 9668, 9668, 9351, 9351, 7424, 0.569244481901141, 0.569244481901141, 0.550579763162761, 0.550579763162761
3050, 9668, 9668, 9668, 9668, 7424, 0.569244481901141, 0.569244481901141, 0.569244481901141, 0.569244481901141
3100, 9984, 9984, 9668, 9668, 7680, 0.587850321400599, 0.587850321400599, 0.569244481901141, 0.569244481901141
3150, 9984, 9984, 9984, 9984, 7680, 0.587850321400599, 0.587850321400599, 0.587850321400599, 0.587850321400599
3200, 10299, 10299, 9984, 9984, 7936, 0.606397281661135, 0.606397281661135, 0.587850321400599, 0.587850321400599
3250, 10299, 10299, 10299, 10299, 7936, 0.606397281661135, 0.606397281661135, 0.606397281661135, 0.606397281661135
3300, 10613, 10613, 10299, 10299, 8192, 0.624885362682749, 0.624885362682749, 0.606397281661135, 0.606397281661135
3350, 10613, 10613, 10613, 10613, 8192, 0.624885362682749, 0.624885362682749, 0.624885362682749, 0.624885362682749
3400, 10925, 10925, 10613, 10613, 8448, 0.643255685226517, 0.643255685226517, 0.624885362682749, 0.624885362682749
3450, 10925, 10925, 10925, 10925, 8448, 0.643255685226517, 0.643255685226517, 0.643255685226517, 0.643255685226517
3500, 11237, 10925, 10925, 10925, 8704, 0.661626007770286, 0.643255685226517, 0.643255685226517, 0.643255685226517
3550, 11237, 11237, 11237, 11237, 8704, 0.661626007770286, 0.661626007770286, 0.661626007770286, 0.661626007770286
3600, 11547, 11547, 11237, 11237, 8960, 0.67987857183621, 0.67987857183621, 0.661626007770286, 0.661626007770286
3650, 11547, 11547, 11547, 11547, 8960, 0.67987857183621, 0.67987857183621, 0.67987857183621, 0.67987857183621
3700, 11856, 11547, 11547, 11547, 9216, 0.698072256663212, 0.67987857183621, 0.67987857183621, 0.67987857183621
3750, 11872, 11872, 11872, 11872, 9216, 0.698058081426291, 0.698058081426291, 0.698058081426291, 0.698058081426291
3800, 12180, 11872, 11872, 11872, 9472, 0.716168078821784, 0.698058081426291, 0.698058081426291, 0.698058081426291
3850, 12180, 12180, 12180, 11872, 9472, 0.716168078821784, 0.716168078821784, 0.716168078821784, 0.698058081426291
3900, 12487, 12180, 12180, 12180, 9728, 0.734219277524435, 0.716168078821784, 0.716168078821784, 0.716168078821784
3950, 12487, 12487, 12487, 12180, 9728, 0.734219277524435, 0.734219277524435, 0.734219277524435, 0.716168078821784
4000, 12793, 12487, 12487, 12487, 9984, 0.752211677534244, 0.734219277524435, 0.734219277524435, 0.734219277524435
4050, 12793, 12793, 12793, 12487, 9984, 0.752211677534244, 0.752211677534244, 0.752211677534244, 0.734219277524435
4100, 13098, 12793, 12793, 12793, 10240, 0.770145278851209, 0.752211677534244, 0.752211677534244, 0.752211677534244
4150, 13098, 13098, 13098, 12793, 10240, 0.770145278851209, 0.770145278851209, 0.770145278851209, 0.752211677534244
4200, 13401, 13098, 13098, 13098, 10496, 0.78796128278249, 0.770145278851209, 0.770145278851209, 0.770145278851209
4250, 13401, 13401, 13098, 13098, 10496, 0.78796128278249, 0.78796128278249, 0.770145278851209, 0.770145278851209
4300, 13401, 13401, 13401, 13401, 10496, 0.78796128278249, 0.78796128278249, 0.78796128278249, 0.78796128278249
4350, 13723, 13723, 13723, 13420, 10752, 0.805789128024345, 0.805789128024345, 0.805789128024345, 0.787997529555251
4400, 13723, 13723, 13723, 13723, 10752, 0.805789128024345, 0.805789128024345, 0.805789128024345, 0.805789128024345
4450, 14024, 14024, 14024, 13723, 11008, 0.823463290199914, 0.823463290199914, 0.823463290199914, 0.805789128024345
4500, 14024, 14024, 14024, 14024, 11008, 0.823463290199914, 0.823463290199914, 0.823463290199914, 0.823463290199914
4550, 14325, 14325, 14325, 14024, 11264, 0.841137452375482, 0.841137452375482, 0.841137452375482, 0.823463290199914
4600, 14325, 14325, 14325, 14325, 11264, 0.841137452375482, 0.841137452375482, 0.841137452375482, 0.841137452375482
4650, 14624, 14624, 14624, 14325, 11520, 0.858694178257525, 0.858694178257525, 0.858694178257525, 0.841137452375482
4700, 14624, 14624, 14624, 14624, 11520, 0.858694178257525, 0.858694178257525, 0.858694178257525, 0.858694178257525
4750, 14943, 14943, 14644, 14644, 11776, 0.876221667004003, 0.876221667004003, 0.858689024399827, 0.858689024399827
4800, 14943, 14943, 14943, 14943, 11776, 0.876221667004003, 0.876221667004003, 0.876221667004003, 0.876221667004003
4850, 15219, 15219, 14922, 14922, 12032, 0.893631475581324, 0.893631475581324, 0.876192185992806, 0.876192185992806
4900, 15240, 15240, 15240, 15240, 12032, 0.893637034406813, 0.893637034406813, 0.893637034406813, 0.893637034406813
4950, 15536, 15536, 15240, 15240, 12288, 0.91099376420894, 0.91099376420894, 0.893637034406813, 0.893637034406813
5000, 15536, 15536, 15536, 15536, 12288, 0.91099376420894, 0.91099376420894, 0.91099376420894, 0.91099376420894
5050, 15831, 15831, 15536, 15536, 12544, 0.928291856410384, 0.928291856410384, 0.91099376420894, 0.91099376420894
5100, 15831, 15831, 15831, 15831, 12544, 0.928291856410384, 0.928291856410384, 0.928291856410384, 0.928291856410384
5150, 16125, 16125, 15831, 15831, 12800, 0.945531311011145, 0.945531311011145, 0.928291856410384, 0.928291856410384
5200, 16125, 16125, 16125, 16125, 12800, 0.945531311011145, 0.945531311011145, 0.945531311011145, 0.945531311011145
5250, 16418, 16418, 16125, 16125, 13056, 0.962712128011224, 0.962712128011224, 0.945531311011145, 0.945531311011145
5300, 16418, 16418, 16418, 16125, 13056, 0.962712128011224, 0.962712128011224, 0.962712128011224, 0.945531311011145
5350, 16709, 16709, 16418, 16418, 13312, 0.979775669809936, 0.979775669809936, 0.962712128011224, 0.962712128011224
5400, 16732, 16732, 16732, 16732, 13312, 0.979776637618016, 0.979776637618016, 0.979776637618016, 0.979776637618016
5450, 17023, 17023, 16732, 16732, 13568, 0.9968167405075, 0.9968167405075, 0.979776637618016, 0.979776637618016
5500, 17000, 17000, 17000, 17000, 13568, 0.996839211608649, 0.996839211608649, 0.996839211608649, 0.996839211608649
5550, 17313, 17023, 17023, 17023, 13824, 1.01379828634238, 0.9968167405075, 0.9968167405075, 0.9968167405075
5600, 17313, 17313, 17313, 17313, 13824, 1.01379828634238, 1.01379828634238, 1.01379828634238, 1.01379828634238
5650, 17601, 17313, 17313, 17313, 14080, 1.03066271806806, 1.01379828634238, 1.01379828634238, 1.01379828634238
5700, 17601, 17601, 17601, 17313, 14080, 1.03066271806806, 1.03066271806806, 1.03066271806806, 1.01379828634238
5750, 17888, 17601, 17601, 17601, 14336, 1.04746859273913, 1.03066271806806, 1.03066271806806, 1.03066271806806
5800, 17888, 17888, 17888, 17888, 14336, 1.04746859273913, 1.04746859273913, 1.04746859273913, 1.04746859273913
5850, 18175, 17888, 17888, 17888, 14592, 1.0642744674102, 1.04746859273913, 1.04746859273913, 1.04746859273913
5900, 18175, 18175, 18175, 18175, 14592, 1.0642744674102, 1.0642744674102, 1.0642744674102, 1.0642744674102
5950, 18175, 18175, 18175, 18175, 14592, 1.0642744674102, 1.0642744674102, 1.0642744674102, 1.0642744674102
6000, 18485, 18485, 18485, 18200, 14848, 1.08093826005158, 1.08093826005158, 1.08093826005158, 1.06427245512247
6050, 18743, 18459, 18459, 18459, 15104, 1.09753487442472, 1.08090467091746, 1.08090467091746, 1.08090467091746
6100, 18769, 18769, 18769, 18485, 15104, 1.09754558847217, 1.09754558847217, 1.09754558847217, 1.08093826005158
6150, 19052, 18769, 18769, 18769, 15360, 1.11409444038424, 1.09754558847217, 1.09754558847217, 1.09754558847217
6200, 19052, 19052, 19052, 18769, 15360, 1.11409444038424, 1.11409444038424, 1.11409444038424, 1.09754558847217
6250, 19334, 19052, 19052, 19052, 15616, 1.13058481578779, 1.11409444038424, 1.11409444038424, 1.11409444038424
6300, 19334, 19334, 19334, 19052, 15616, 1.13058481578779, 1.13058481578779, 1.13058481578779, 1.11409444038424
6350, 19334, 19334, 19334, 19334, 15616, 1.13058481578779, 1.13058481578779, 1.13058481578779, 1.13058481578779
6400, 19614, 19614, 19614, 19334, 15872, 1.14695823817429, 1.14695823817429, 1.14695823817429, 1.13058481578779
6450, 19614, 19614, 19614, 19614, 15872, 1.14695823817429, 1.14695823817429, 1.14695823817429, 1.14695823817429
6500, 19894, 19894, 19614, 19614, 16128, 1.16333166056079, 1.16333166056079, 1.14695823817429, 1.14695823817429
6550, 19894, 19894, 19894, 19894, 16128, 1.16333166056079, 1.16333166056079, 1.16333166056079, 1.16333166056079
6600, 20172, 20172, 19894, 19894, 16384, 1.17958812993024, 1.17958812993024, 1.16333166056079, 1.16333166056079
6650, 20200, 20200, 20200, 20200, 16384, 1.17959844135643, 1.17959844135643, 1.17959844135643, 1.17959844135643
6700, 20449, 20449, 20172, 20172, 16640, 1.19578612279117, 1.19578612279117, 1.17958812993024, 1.17958812993024
6750, 20449, 20449, 20449, 20449, 16640, 1.19578612279117, 1.19578612279117, 1.19578612279117, 1.19578612279117
6800, 20754, 20754, 20477, 20477, 16896, 1.21194980455007, 1.21194980455007, 1.19577412295325, 1.19577412295325
6850, 20754, 20754, 20754, 20754, 16896, 1.21194980455007, 1.21194980455007, 1.21194980455007, 1.21194980455007
6900, 21029, 21029, 20754, 20754, 17152, 1.228008694222, 1.228008694222, 1.21194980455007, 1.21194980455007
6950, 21029, 21029, 21029, 21029, 17152, 1.228008694222, 1.228008694222, 1.228008694222, 1.228008694222
7000, 21303, 21303, 21029, 21029, 17408, 1.24400918793149, 1.24400918793149, 1.228008694222, 1.228008694222
7050, 21303, 21303, 21303, 21303, 17408, 1.24400918793149, 1.24400918793149, 1.24400918793149, 1.24400918793149
7100, 21576, 21576, 21303, 21303, 17664, 1.25995128567853, 1.25995128567853, 1.24400918793149, 1.24400918793149
7150, 21576, 21576, 21576, 21576, 17664, 1.25995128567853, 1.25995128567853, 1.25995128567853, 1.25995128567853
7200, 21847, 21847, 21576, 21576, 17920, 1.27577659150069, 1.27577659150069, 1.25995128567853, 1.25995128567853
7250, 21877, 21877, 21877, 21877, 17920, 1.27576636378567, 1.27576636378567, 1.27576636378567, 1.27576636378567
7300, 22148, 21877, 21877, 21877, 18176, 1.2915698416202, 1.27576636378567, 1.27576636378567, 1.27576636378567
7350, 22118, 22118, 22118, 22118, 18176, 1.29160189732285, 1.29160189732285, 1.29160189732285, 1.29160189732285
7400, 22418, 22148, 22148, 22148, 18432, 1.30731500403836, 1.2915698416202, 1.2915698416202, 1.2915698416202
7450, 22418, 22418, 22418, 22418, 18432, 1.30731500403836, 1.30731500403836, 1.30731500403836, 1.30731500403836
7500, 22686, 22418, 22418, 22418, 18688, 1.32294353562379, 1.30731500403836, 1.30731500403836, 1.30731500403836
7550, 22686, 22686, 22686, 22686, 18688, 1.32294353562379, 1.32294353562379, 1.32294353562379, 1.32294353562379
7600, 22954, 22686, 22686, 22686, 18944, 1.33857206720923, 1.32294353562379, 1.32294353562379, 1.32294353562379
7650, 22954, 22954, 22954, 22686, 18944, 1.33857206720923, 1.33857206720923, 1.33857206720923, 1.32294353562379
7700, 23220, 22954, 22954, 22954, 19200, 1.35408396796194, 1.33857206720923, 1.33857206720923, 1.33857206720923
7750, 23252, 23252, 23252, 22985, 19200, 1.35407720383749, 1.35407720383749, 1.35407720383749, 1.33852849347173
7800, 23517, 23252, 23252, 23252, 19456, 1.36950944446268, 1.35407720383749, 1.35407720383749, 1.35407720383749
7850, 23517, 23517, 23517, 23252, 19456, 1.36950944446268, 1.36950944446268, 1.36950944446268, 1.35407720383749
7900, 23781, 23517, 23517, 23517, 19712, 1.38488345021758, 1.36950944446268, 1.36950944446268, 1.36950944446268
7950, 23781, 23781, 23781, 23517, 19712, 1.38488345021758, 1.38488345021758, 1.38488345021758, 1.36950944446268
8000, 23781, 23781, 23781, 23781, 19712, 1.38488345021758, 1.38488345021758, 1.38488345021758, 1.38488345021758
8050, 24044, 24044, 24044, 23781, 19968, 1.40019922110221, 1.40019922110221, 1.40019922110221, 1.38488345021758
8100, 24044, 24044, 24044, 24044, 19968, 1.40019922110221, 1.40019922110221, 1.40019922110221, 1.40019922110221
8150, 24306, 24306, 24044, 24044, 20224, 1.41545675711655, 1.41545675711655, 1.40019922110221, 1.40019922110221
8200, 24306, 24306, 24306, 24306, 20224, 1.41545675711655, 1.41545675711655, 1.41545675711655, 1.41545675711655
8250, 24567, 24567, 24306, 24306, 20480, 1.4306560582606, 1.4306560582606, 1.41545675711655, 1.41545675711655
8300, 24567, 24567, 24567, 24567, 20480, 1.4306560582606, 1.4306560582606, 1.4306560582606, 1.4306560582606
8350, 24860, 24860, 24601, 24601, 20736, 1.4457164997093, 1.4457164997093, 1.43065452974048, 1.43065452974048
8400, 24826, 24826, 24826, 24826, 20736, 1.44573888966409, 1.44573888966409, 1.44573888966409, 1.44573888966409
8450, 25084, 25084, 24826, 24826, 20992, 1.4607634861973, 1.4607634861973, 1.44573888966409, 1.44573888966409
8500, 25119, 25119, 25119, 25119, 20992, 1.46077846967811, 1.46077846967811, 1.46077846967811, 1.46077846967811
8550, 25376, 25376, 25119, 25119, 21248, 1.47572413099852, 1.47572413099852, 1.46077846967811, 1.46077846967811
8600, 25376, 25376, 25376, 25376, 21248, 1.47572413099852, 1.47572413099852, 1.47572413099852, 1.47572413099852
8650, 25633, 25633, 25376, 25376, 21504, 1.49066979231892, 1.49066979231892, 1.47572413099852, 1.47572413099852
8700, 25633, 25633, 25633, 25633, 21504, 1.49066979231892, 1.49066979231892, 1.49066979231892, 1.49066979231892
8750, 25888, 25888, 25633, 25633, 21760, 1.50549914499092, 1.50549914499092, 1.49066979231892, 1.49066979231892
8800, 25888, 25888, 25888, 25888, 21760, 1.50549914499092, 1.50549914499092, 1.50549914499092, 1.50549914499092
8850, 26142, 26142, 25888, 25888, 22016, 1.52027034333871, 1.52027034333871, 1.50549914499092, 1.50549914499092
8900, 26178, 26178, 26178, 26178, 22016, 1.52025536373241, 1.52025536373241, 1.52025536373241, 1.52025536373241
8950, 26394, 26142, 26142, 26142, 22272, 1.5349252330381, 1.52027034333871, 1.52027034333871, 1.52027034333871
9000, 26431, 26431, 26431, 26431, 22272, 1.5349480295978, 1.5349480295978, 1.5349480295978, 1.5349480295978
9050, 26646, 26394, 26394, 26394, 22528, 1.54958012273749, 1.5349252330381, 1.5349252330381, 1.5349252330381
9100, 26646, 26646, 26646, 26394, 22528, 1.54958012273749, 1.54958012273749, 1.54958012273749, 1.5349252330381
9150, 26933, 26683, 26683, 26683, 22784, 1.56410106621609, 1.54958262168507, 1.54958262168507, 1.54958262168507
9200, 26933, 26933, 26933, 26683, 22784, 1.56410106621609, 1.56410106621609, 1.56410106621609, 1.54958262168507
9250, 27183, 26933, 26933, 26933, 23040, 1.57861951074712, 1.56410106621609, 1.56410106621609, 1.56410106621609
9300, 27183, 27183, 27183, 26933, 23040, 1.57861951074712, 1.57861951074712, 1.57861951074712, 1.56410106621609
9350, 27431, 27183, 27183, 27183, 23296, 1.59302180772189, 1.57861951074712, 1.57861951074712, 1.57861951074712
9400, 27431, 27431, 27431, 27183, 23296, 1.59302180772189, 1.59302180772189, 1.59302180772189, 1.57861951074712
9450, 27678, 27431, 27431, 27431, 23552, 1.60736603091854, 1.59302180772189, 1.59302180772189, 1.59302180772189
9500, 27678, 27678, 27678, 27431, 23552, 1.60736603091854, 1.60736603091854, 1.60736603091854, 1.59302180772189
9550, 27924, 27678, 27678, 27678, 23808, 1.62165218033707, 1.60736603091854, 1.60736603091854, 1.60736603091854
9600, 27924, 27924, 27924, 27678, 23808, 1.62165218033707, 1.62165218033707, 1.62165218033707, 1.60736603091854
9650, 27963, 27963, 27963, 27963, 23808, 1.62166474765377, 1.62166474765377, 1.62166474765377, 1.62166474765377
9700, 28208, 28208, 28208, 27963, 24064, 1.63587308950461, 1.63587308950461, 1.63587308950461, 1.62166474765377
9750, 28208, 28208, 28208, 28208, 24064, 1.63587308950461, 1.63587308950461, 1.63587308950461, 1.63587308950461
9800, 28452, 28452, 28452, 28208, 24320, 1.65002343812341, 1.65002343812341, 1.65002343812341, 1.63587308950461
9850, 28452, 28452, 28452, 28452, 24320, 1.65002343812341, 1.65002343812341, 1.65002343812341, 1.65002343812341
9900, 28695, 28695, 28452, 28452, 24576, 1.66411579351017, 1.66411579351017, 1.65002343812341, 1.65002343812341
9950, 28695, 28695, 28695, 28695, 24576, 1.66411579351017, 1.66411579351017, 1.66411579351017, 1.66411579351017
10000, 28937, 28937, 28695, 28695, 24832, 1.67815015566488, 1.67815015566488, 1.66411579351017, 1.66411579351017
10050, 28977, 28977, 28977, 28977, 24832, 1.67813590119157, 1.67813590119157, 1.67813590119157, 1.67813590119157
10100, 29218, 29218, 28977, 28977, 25088, 1.692092858509, 1.692092858509, 1.67813590119157, 1.67813590119157
10150, 29177, 29177, 29177, 29177, 25088, 1.69206853135551, 1.69206853135551, 1.69206853135551, 1.69206853135551
10200, 29416, 29416, 29177, 29177, 25344, 1.70592891381408, 1.70592891381408, 1.69206853135551, 1.69206853135551
10250, 29457, 29457, 29457, 29457, 25344, 1.7059339904545, 1.7059339904545, 1.7059339904545, 1.7059339904545
10300, 29696, 29696, 29457, 29457, 25600, 1.71977512240001, 1.71977512240001, 1.7059339904545, 1.7059339904545
10350, 29696, 29696, 29696, 29696, 25600, 1.71977512240001, 1.71977512240001, 1.71977512240001, 1.71977512240001
10400, 29933, 29933, 29696, 29696, 25856, 1.73350042897358, 1.73350042897358, 1.71977512240001, 1.71977512240001
10450, 29933, 29933, 29933, 29933, 25856, 1.73350042897358, 1.73350042897358, 1.73350042897358, 1.73350042897358
10500, 30169, 30169, 29933, 29933, 26112, 1.74716782286119, 1.74716782286119, 1.73350042897358, 1.73350042897358
10550, 30169, 30169, 30169, 30169, 26112, 1.74716782286119, 1.74716782286119, 1.74716782286119, 1.74716782286119
10600, 30404, 30404, 30169, 30169, 26368, 1.76077730406283, 1.76077730406283, 1.74716782286119, 1.74716782286119
10650, 30404, 30404, 30404, 30404, 26368, 1.76077730406283, 1.76077730406283, 1.76077730406283, 1.76077730406283
10700, 30680, 30680, 30446, 30446, 26624, 1.77429005165999, 1.77429005165999, 1.76075733092699, 1.76075733092699
10750, 30680, 30680, 30680, 30680, 26624, 1.77429005165999, 1.77429005165999, 1.77429005165999, 1.77429005165999
10800, 30913, 30913, 30680, 30680, 26880, 1.78776494025311, 1.78776494025311, 1.77429005165999, 1.77429005165999
10850, 30913, 30913, 30913, 30913, 26880, 1.78776494025311, 1.78776494025311, 1.78776494025311, 1.78776494025311
10900, 31144, 30913, 30913, 30913, 27136, 1.80112416456646, 1.78776494025311, 1.78776494025311, 1.78776494025311
10950, 31144, 31144, 31144, 31144, 27136, 1.80112416456646, 1.80112416456646, 1.80112416456646, 1.80112416456646
11000, 31375, 31144, 31144, 31144, 27392, 1.8144833888798, 1.80112416456646, 1.80112416456646, 1.80112416456646
11050, 31375, 31375, 31375, 31375, 27392, 1.8144833888798, 1.8144833888798, 1.8144833888798, 1.8144833888798
11100, 31604, 31375, 31375, 31375, 27648, 1.82772694891338, 1.8144833888798, 1.8144833888798, 1.8144833888798
11150, 31604, 31604, 31604, 31375, 27648, 1.82772694891338, 1.82772694891338, 1.82772694891338, 1.8144833888798
11200, 31876, 31648, 31648, 31648, 27904, 1.8408898041215, 1.82772244073401, 1.82772244073401, 1.82772244073401
11250, 31876, 31876, 31876, 31876, 27904, 1.8408898041215, 1.8408898041215, 1.8408898041215, 1.8408898041215
11300, 32104, 31876, 31876, 31876, 28160, 1.854057167509, 1.8408898041215, 1.8408898041215, 1.8408898041215
11350, 32104, 32104, 32104, 31876, 28160, 1.854057167509, 1.854057167509, 1.854057167509, 1.8408898041215
11400, 32330, 32104, 32104, 32104, 28416, 1.86710902770888, 1.854057167509, 1.854057167509, 1.854057167509
11450, 32330, 32330, 32330, 32104, 28416, 1.86710902770888, 1.86710902770888, 1.86710902770888, 1.854057167509
11500, 32330, 32330, 32330, 32330, 28416, 1.86710902770888, 1.86710902770888, 1.86710902770888, 1.86710902770888
11550, 32554, 32554, 32554, 32330, 28672, 1.88004538472115, 1.88004538472115, 1.88004538472115, 1.86710902770888
11600, 32600, 32600, 32600, 32600, 28672, 1.88007615583389, 1.88007615583389, 1.88007615583389, 1.88007615583389
11650, 32778, 32778, 32778, 32554, 28928, 1.89298174173342, 1.89298174173342, 1.89298174173342, 1.88004538472115
11700, 32778, 32778, 32778, 32778, 28928, 1.89298174173342, 1.89298174173342, 1.89298174173342, 1.89298174173342
11750, 33046, 33046, 33046, 32824, 29184, 1.90579744311922, 1.90579744311922, 1.90579744311922, 1.89299447052428
11800, 33046, 33046, 33046, 33046, 29184, 1.90579744311922, 1.90579744311922, 1.90579744311922, 1.90579744311922
11850, 33268, 33268, 33268, 33046, 29440, 1.91860041571417, 1.91860041571417, 1.91860041571417, 1.90579744311922
11900, 33268, 33268, 33268, 33268, 29440, 1.91860041571417, 1.91860041571417, 1.91860041571417, 1.91860041571417
11950, 33442, 33442, 33442, 33222, 29696, 1.93132880001981, 1.93132880001981, 1.93132880001981, 1.91862344938275
12000, 33488, 33488, 33488, 33488, 29696, 1.93128804621366, 1.93128804621366, 1.93128804621366, 1.93128804621366
12050, 33708, 33708, 33488, 33488, 29952, 1.94397567671315, 1.94397567671315, 1.93128804621366, 1.93128804621366
12100, 33708, 33708, 33708, 33708, 29952, 1.94397567671315, 1.94397567671315, 1.94397567671315, 1.94397567671315
12150, 33926, 33926, 33708, 33708, 30208, 1.95654796511719, 1.95654796511719, 1.94397567671315, 1.94397567671315
12200, 33973, 33973, 33973, 33973, 30208, 1.95652211239038, 1.95652211239038, 1.95652211239038, 1.95652211239038
12250, 34142, 34142, 33926, 33926, 30464, 1.96900491142579, 1.96900491142579, 1.95654796511719, 1.95654796511719
12300, 34190, 34190, 34190, 34190, 30464, 1.96901925124738, 1.96901925124738, 1.96901925124738, 1.96901925124738
12350, 34406, 34190, 34190, 34190, 30720, 1.98145879960273, 1.96901925124738, 1.96901925124738, 1.96901925124738
12400, 34406, 34406, 34406, 34406, 30720, 1.98145879960273, 1.98145879960273, 1.98145879960273, 1.98145879960273
12450, 34621, 34621, 34406, 34406, 30976, 1.99384075745643, 1.99384075745643, 1.98145879960273, 1.98145879960273
12500, 34621, 34621, 34621, 34621, 30976, 1.99384075745643, 1.99384075745643, 1.99384075745643, 1.99384075745643
12550, 34834, 34834, 34621, 34621, 31232, 2.00610753430685, 2.00610753430685, 1.99384075745643, 1.99384075745643
12600, 34834, 34834, 34834, 34834, 31232, 2.00610753430685, 2.00610753430685, 2.00610753430685, 2.00610753430685
12650, 35047, 35047, 34834, 34834, 31488, 2.01837431115726, 2.01837431115726, 2.00610753430685, 2.00610753430685
12700, 35047, 35047, 35047, 35047, 31488, 2.01837431115726, 2.01837431115726, 2.01837431115726, 2.01837431115726
12750, 35258, 35047, 35047, 35047, 31744, 2.03052590700439, 2.01837431115726, 2.01837431115726, 2.01837431115726
12800, 35258, 35258, 35258, 35258, 31744, 2.03052590700439, 2.03052590700439, 2.03052590700439, 2.03052590700439
12850, 35468, 35258, 35258, 35258, 32000, 2.04261991234987, 2.03052590700439, 2.03052590700439, 2.03052590700439
12900, 35517, 35517, 35517, 35517, 32000, 2.04258109181335, 2.04258109181335, 2.04258109181335, 2.04258109181335
12950, 35726, 35517, 35517, 35517, 32256, 2.0546006725265, 2.04258109181335, 2.04258109181335, 2.04258109181335
13000, 35726, 35726, 35726, 35517, 32256, 2.0546006725265, 2.0546006725265, 2.0546006725265, 2.04258109181335
13050, 35934, 35726, 35726, 35726, 32512, 2.06656274328409, 2.0546006725265, 2.0546006725265, 2.0546006725265
13100, 35934, 35934, 35934, 35934, 32512, 2.06656274328409, 2.06656274328409, 2.06656274328409, 2.06656274328409
13150, 36141, 35934, 35934, 35934, 32768, 2.07846730408611, 2.06656274328409, 2.06656274328409, 2.06656274328409
13200, 36141, 36141, 36141, 36141, 32768, 2.07846730408611, 2.07846730408611, 2.07846730408611, 2.07846730408611
13250, 36346, 36141, 36141, 36141, 33024, 2.090256844977, 2.07846730408611, 2.07846730408611, 2.07846730408611
13300, 36397, 36397, 36397, 36192, 33024, 2.09025821704345, 2.09025821704345, 2.09025821704345, 2.07848518809892
13350, 36551, 36346, 36346, 36346, 33280, 2.10204638586789, 2.090256844977, 2.090256844977, 2.090256844977
13400, 36551, 36551, 36551, 36346, 33280, 2.10204638586789, 2.10204638586789, 2.10204638586789, 2.090256844977
13450, 36805, 36602, 36602, 36602, 33536, 2.11368941611353, 2.10203124598798, 2.10203124598798, 2.10203124598798
13500, 36805, 36805, 36805, 36602, 33536, 2.11368941611353, 2.11368941611353, 2.11368941611353, 2.10203124598798
13550, 36805, 36805, 36805, 36805, 33536, 2.11368941611353, 2.11368941611353, 2.11368941611353, 2.11368941611353
13600, 37007, 37007, 36805, 36805, 33792, 2.1252901568296, 2.1252901568296, 2.11368941611353, 2.11368941611353
13650, 37007, 37007, 37007, 37007, 33792, 2.1252901568296, 2.1252901568296, 2.1252901568296, 2.1252901568296
13700, 37208, 37208, 37208, 37007, 34048, 2.13683346813618, 2.13683346813618, 2.13683346813618, 2.1252901568296
13750, 37208, 37208, 37208, 37208, 34048, 2.13683346813618, 2.13683346813618, 2.13683346813618, 2.13683346813618
13800, 37461, 37461, 37461, 37261, 34304, 2.1483457720397, 2.1483457720397, 2.1483457720397, 2.13687599935857
13850, 37461, 37461, 37461, 37461, 34304, 2.1483457720397, 2.1483457720397, 2.1483457720397, 2.1483457720397
13900, 37607, 37607, 37408, 37408, 34560, 2.15974780252089, 2.15974780252089, 2.14831935003328, 2.14831935003328
13950, 37660, 37660, 37660, 37660, 34560, 2.15975819585743, 2.15975819585743, 2.15975819585743, 2.15975819585743
14000, 37857, 37857, 37660, 37660, 34816, 2.17105592194835, 2.17105592194835, 2.15975819585743, 2.15975819585743
14050, 37857, 37857, 37857, 37857, 34816, 2.17105592194835, 2.17105592194835, 2.17105592194835, 2.17105592194835
14100, 38054, 38054, 37857, 37857, 35072, 2.18235364803926, 2.18235364803926, 2.17105592194835, 2.17105592194835
14150, 38054, 38054, 38054, 38054, 35072, 2.18235364803926, 2.18235364803926, 2.18235364803926, 2.18235364803926
14200, 38249, 38249, 38054, 38054, 35328, 2.19353667640337, 2.19353667640337, 2.18235364803926, 2.18235364803926
14250, 38249, 38249, 38249, 38249, 35328, 2.19353667640337, 2.19353667640337, 2.19353667640337, 2.19353667640337
14300, 38443, 38443, 38249, 38249, 35584, 2.20466235590407, 2.20466235590407, 2.19353667640337, 2.19353667640337
14350, 38443, 38443, 38443, 38443, 35584, 2.20466235590407, 2.20466235590407, 2.20466235590407, 2.20466235590407
14400, 38636, 38636, 38443, 38443, 35840, 2.21573068654136, 2.21573068654136, 2.20466235590407, 2.20466235590407
14450, 38691, 38691, 38691, 38691, 35840, 2.21576846565418, 2.21576846565418, 2.21576846565418, 2.21576846565418
14500, 38883, 38883, 38691, 38691, 36096, 2.22676398258074, 2.22676398258074, 2.21576846565418, 2.21576846565418
14550, 38828, 38828, 38828, 38828, 36096, 2.22674166831525, 2.22674166831525, 2.22674166831525, 2.22674166831525
14600, 39073, 39073, 38883, 38883, 36352, 2.23764496287265, 2.23764496287265, 2.22676398258074, 2.22676398258074
14650, 39073, 39073, 39073, 39073, 36352, 2.23764496287265, 2.23764496287265, 2.23764496287265, 2.23764496287265
14700, 39263, 39263, 39073, 39073, 36608, 2.24852594316456, 2.24852594316456, 2.23764496287265, 2.23764496287265
14750, 39263, 39263, 39263, 39263, 36608, 2.24852594316456, 2.24852594316456, 2.24852594316456, 2.24852594316456
14800, 39451, 39263, 39263, 39263, 36864, 2.25929238682182, 2.24852594316456, 2.24852594316456, 2.24852594316456
14850, 39451, 39451, 39451, 39451, 36864, 2.25929238682182, 2.25929238682182, 2.25929238682182, 2.25929238682182
14900, 39694, 39507, 39507, 39507, 37120, 2.27001139183944, 2.25931727861643, 2.25931727861643, 2.25931727861643
14950, 39639, 39639, 39639, 39639, 37120, 2.27005883047908, 2.27005883047908, 2.27005883047908, 2.27005883047908
15000, 39881, 39694, 39694, 39694, 37376, 2.28070550506244, 2.27001139183944, 2.27001139183944, 2.27001139183944
15050, 39881, 39881, 39881, 39881, 37376, 2.28070550506244, 2.28070550506244, 2.28070550506244, 2.28070550506244
15100, 40009, 39825, 39825, 39825, 37632, 2.29124810788964, 2.28071073750168, 2.28071073750168, 2.28071073750168
15150, 40066, 40066, 40066, 40066, 37632, 2.29128524274296, 2.29128524274296, 2.29128524274296, 2.29128524274296
15200, 40250, 40066, 40066, 40066, 37888, 2.30180779265222, 2.29128524274296, 2.29128524274296, 2.29128524274296
15250, 40250, 40250, 40250, 40066, 37888, 2.30180779265222, 2.30180779265222, 2.30180779265222, 2.29128524274296
15300, 40432, 40250, 40250, 40250, 38144, 2.312215967019, 2.30180779265222, 2.30180779265222, 2.30180779265222
15350, 40432, 40432, 40432, 40250, 38144, 2.312215967019, 2.312215967019, 2.312215967019, 2.30180779265222
15400, 40614, 40432, 40432, 40432, 38400, 2.32262414138577, 2.312215967019, 2.312215967019, 2.312215967019
15450, 40614, 40614, 40614, 40432, 38400, 2.32262414138577, 2.32262414138577, 2.32262414138577, 2.312215967019
15500, 40794, 40614, 40614, 40614, 38656, 2.33291794021006, 2.32262414138577, 2.32262414138577, 2.32262414138577
15550, 40851, 40851, 40851, 40671, 38656, 2.33288725526416, 2.33288725526416, 2.33288725526416, 2.32260795473425
15600, 40851, 40851, 40851, 40851, 38656, 2.33288725526416, 2.33288725526416, 2.33288725526416, 2.33288725526416
15650, 41031, 41031, 41031, 40851, 38912, 2.34316655579408, 2.34316655579408, 2.34316655579408, 2.33288725526416
15700, 41031, 41031, 41031, 41031, 38912, 2.34316655579408, 2.34316655579408, 2.34316655579408, 2.34316655579408
15750, 41209, 41209, 41209, 41031, 39168, 2.35333164187366, 2.35333164187366, 2.35333164187366, 2.34316655579408
15800, 41209, 41209, 41209, 41209, 39168, 2.35333164187366, 2.35333164187366, 2.35333164187366, 2.35333164187366
15850, 41386, 41386, 41386, 41209, 39424, 2.36343962072808, 2.36343962072808, 2.36343962072808, 2.35333164187366
15900, 41386, 41386, 41386, 41386, 39424, 2.36343962072808, 2.36343962072808, 2.36343962072808, 2.36343962072808
15950, 41562, 41562, 41386, 41386, 39680, 2.37349049235733, 2.37349049235733, 2.36343962072808, 2.36343962072808
16000, 41562, 41562, 41562, 41562, 39680, 2.37349049235733, 2.37349049235733, 2.37349049235733, 2.37349049235733
16050, 41736, 41736, 41562, 41562, 39936, 2.38342714953624, 2.38342714953624, 2.37349049235733, 2.37349049235733
16100, 41736, 41736, 41736, 41736, 39936, 2.38342714953624, 2.38342714953624, 2.38342714953624, 2.38342714953624
16150, 41909, 41909, 41736, 41736, 40192, 2.39330669949, 2.39330669949, 2.38342714953624, 2.38342714953624
16200, 41909, 41909, 41909, 41909, 40192, 2.39330669949, 2.39330669949, 2.39330669949, 2.39330669949
16250, 42141, 42141, 41969, 41969, 40448, 2.40316128337866, 2.40316128337866, 2.39335269457581, 2.39335269457581
16300, 42082, 42082, 42082, 42082, 40448, 2.40318624944375, 2.40318624944375, 2.40318624944375, 2.40318624944375
16350, 42312, 42141, 42141, 42141, 40704, 2.41291284550243, 2.40316128337866, 2.40316128337866, 2.40316128337866
16400, 42312, 42312, 42312, 42312, 40704, 2.41291284550243, 2.41291284550243, 2.41291284550243, 2.41291284550243
16450, 42482, 42482, 42312, 42312, 40960, 2.42260738094711, 2.42260738094711, 2.41291284550243, 2.41291284550243
16500, 42482, 42482, 42482, 42482, 40960, 2.42260738094711, 2.42260738094711, 2.42260738094711, 2.42260738094711
16550, 42651, 42482, 42482, 42482, 41216, 2.43224488971271, 2.42260738094711, 2.42260738094711, 2.42260738094711
16600, 42651, 42651, 42651, 42651, 41216, 2.43224488971271, 2.43224488971271, 2.43224488971271, 2.43224488971271
16650, 42818, 42651, 42651, 42651, 41472, 2.44176834512013, 2.43224488971271, 2.43224488971271, 2.43224488971271
16700, 42818, 42818, 42818, 42818, 41472, 2.44176834512013, 2.44176834512013, 2.44176834512013, 2.44176834512013
16750, 42985, 42818, 42818, 42818, 41728, 2.45129180052756, 2.44176834512013, 2.44176834512013, 2.44176834512013
16800, 43046, 43046, 43046, 42879, 41728, 2.45130324139969, 2.45130324139969, 2.45130324139969, 2.4417932371876
16850, 43211, 43046, 43046, 43046, 41984, 2.46069935334577, 2.45130324139969, 2.45130324139969, 2.45130324139969
16900, 43150, 43150, 43150, 42985, 41984, 2.46070120257681, 2.46070120257681, 2.46070120257681, 2.45129180052756
16950, 43375, 43211, 43211, 43211, 42240, 2.47003851915885, 2.46069935334577, 2.46069935334577, 2.46069935334577
17000, 43375, 43375, 43375, 43211, 42240, 2.47003851915885, 2.47003851915885, 2.47003851915885, 2.46069935334577
17050, 43538, 43375, 43375, 43375, 42496, 2.47932073883891, 2.47003851915885, 2.47003851915885, 2.47003851915885
17100, 43538, 43538, 43538, 43375, 42496, 2.47932073883891, 2.47932073883891, 2.47932073883891, 2.47003851915885
17150, 43538, 43538, 43538, 43538, 42496, 2.47932073883891, 2.47932073883891, 2.47932073883891, 2.47932073883891
17200, 43700, 43700, 43700, 43538, 42752, 2.48854601238597, 2.48854601238597, 2.48854601238597, 2.47932073883891
17250, 43700, 43700, 43700, 43700, 42752, 2.48854601238597, 2.48854601238597, 2.48854601238597, 2.48854601238597
17300, 43860, 43860, 43860, 43700, 43008, 2.49765739366702, 2.49765739366702, 2.49765739366702, 2.48854601238597
17350, 43923, 43923, 43923, 43923, 43008, 2.49770717458229, 2.49770717458229, 2.49770717458229, 2.49770717458229
17400, 44020, 44020, 44020, 43860, 43264, 2.50676877494807, 2.50676877494807, 2.50676877494807, 2.49765739366702
17450, 44082, 44082, 44082, 44082, 43264, 2.50674880290364, 2.50674880290364, 2.50674880290364, 2.50674880290364
17500, 44241, 44241, 44082, 44082, 43520, 2.51579043122499, 2.51579043122499, 2.50674880290364, 2.50674880290364
17550, 44241, 44241, 44241, 44241, 43520, 2.51579043122499, 2.51579043122499, 2.51579043122499, 2.51579043122499
17600, 44398, 44398, 44241, 44241, 43776, 2.52471832837249, 2.52471832837249, 2.51579043122499, 2.51579043122499
17650, 44398, 44398, 44398, 44398, 43776, 2.52471832837249, 2.52471832837249, 2.52471832837249, 2.52471832837249
17700, 44554, 44554, 44398, 44398, 44032, 2.53358935993305, 2.53358935993305, 2.52471832837249, 2.52471832837249
17750, 44554, 44554, 44554, 44554, 44032, 2.53358935993305, 2.53358935993305, 2.53358935993305, 2.53358935993305
17800, 44708, 44708, 44554, 44554, 44288, 2.54234666031977, 2.54234666031977, 2.53358935993305, 2.53358935993305
17850, 44708, 44708, 44708, 44708, 44288, 2.54234666031977, 2.54234666031977, 2.54234666031977, 2.54234666031977
17900, 44862, 44862, 44708, 44708, 44544, 2.55110396070648, 2.55110396070648, 2.54234666031977, 2.54234666031977
17950, 44862, 44862, 44862, 44862, 44544, 2.55110396070648, 2.55110396070648, 2.55110396070648, 2.55110396070648
18000, 45078, 45078, 44926, 44926, 44800, 2.55975607129632, 2.55975607129632, 2.55112474508759, 2.55112474508759
18050, 45078, 45078, 45078, 45078, 44800, 2.55975607129632, 2.55975607129632, 2.55975607129632, 2.55975607129632
18100, 45230, 45230, 45078, 45078, 45056, 2.56838739750505, 2.56838739750505, 2.55975607129632, 2.55975607129632
18150, 45230, 45230, 45230, 45230, 45056, 2.56838739750505, 2.56838739750505, 2.56838739750505, 2.56838739750505
18200, 45316, 45316, 45166, 45166, 45312, 2.57692093717121, 2.57692093717121, 2.56839109913221, 2.56839109913221
18250, 45380, 45380, 45380, 45380, 45312, 2.57690515363208, 2.57690515363208, 2.57690515363208, 2.57690515363208
18300, 45529, 45380, 45380, 45380, 45568, 2.58536612471827, 2.57690515363208, 2.57690515363208, 2.57690515363208
18350, 45529, 45529, 45529, 45529, 45568, 2.58536612471827, 2.58536612471827, 2.58536612471827, 2.58536612471827
18400, 45677, 45677, 45529, 45529, 45824, 2.59377031076361, 2.59377031076361, 2.58536612471827, 2.58536612471827
18450, 45677, 45677, 45677, 45677, 45824, 2.59377031076361, 2.59377031076361, 2.59377031076361, 2.59377031076361
18500, 45823, 45677, 45677, 45677, 46080, 2.60206092672726, 2.59377031076361, 2.59377031076361, 2.59377031076361
18550, 45823, 45823, 45823, 45823, 46080, 2.60206092672726, 2.60206092672726, 2.60206092672726, 2.60206092672726
18600, 45968, 45823, 45823, 45823, 46336, 2.61029475765006, 2.60206092672726, 2.60206092672726, 2.60206092672726
18650, 46034, 46034, 46034, 46034, 46336, 2.6103347121073, 2.6103347121073, 2.6103347121073, 2.6103347121073
18700, 46178, 46034, 46034, 46034, 46592, 2.61850015935376, 2.6103347121073, 2.6103347121073, 2.6103347121073
18750, 46178, 46178, 46178, 46178, 46592, 2.61850015935376, 2.61850015935376, 2.61850015935376, 2.61850015935376
18800, 46321, 46178, 46178, 46178, 46848, 2.62660890210545, 2.61850015935376, 2.61850015935376, 2.61850015935376
18850, 46321, 46321, 46321, 46178, 46848, 2.62660890210545, 2.62660890210545, 2.62660890210545, 2.61850015935376
18900, 46463, 46321, 46321, 46321, 47104, 2.63466094036238, 2.62660890210545, 2.62660890210545, 2.62660890210545
18950, 46463, 46463, 46463, 46321, 47104, 2.63466094036238, 2.63466094036238, 2.63466094036238, 2.62660890210545
19000, 46670, 46529, 46529, 46529, 47360, 2.64263968523374, 2.63465570846884, 2.63465570846884, 2.63465570846884
19050, 46604, 46604, 46604, 46463, 47360, 2.64265627412453, 2.64265627412453, 2.64265627412453, 2.63466094036238
19100, 46604, 46604, 46604, 46604, 47616, 2.64265627412453, 2.64265627412453, 2.64265627412453, 2.64265627412453
19150, 46810, 46810, 46810, 46670, 47616, 2.65056703804996, 2.65056703804996, 2.65056703804996, 2.64263968523374
19200, 46743, 46743, 46743, 46743, 47616, 2.65053819889716, 2.65053819889716, 2.65053819889716, 2.65053819889716
19250, 46882, 46882, 46882, 46743, 47872, 2.65842012366978, 2.65842012366978, 2.65842012366978, 2.65053819889716
19300, 46948, 46948, 46948, 46948, 47872, 2.6583811429688, 2.6583811429688, 2.6583811429688, 2.6583811429688
19350, 47019, 47019, 47019, 46882, 48128, 2.66618863945287, 2.66618863945287, 2.66618863945287, 2.65842012366978
19400, 47086, 47086, 47086, 47086, 48128, 2.66619524788764, 2.66619524788764, 2.66619524788764, 2.66619524788764
19450, 47222, 47222, 47222, 47086, 48384, 2.6738961049091, 2.6738961049091, 2.6738961049091, 2.66619524788764
19500, 47222, 47222, 47222, 47222, 48384, 2.6738961049091, 2.6738961049091, 2.6738961049091, 2.6738961049091
19550, 47356, 47356, 47356, 47222, 48640, 2.68148371403319, 2.68148371403319, 2.68148371403319, 2.6738961049091
19600, 47356, 47356, 47356, 47356, 48640, 2.68148371403319, 2.68148371403319, 2.68148371403319, 2.68148371403319
19650, 47490, 47490, 47356, 47356, 48896, 2.68907132315728, 2.68907132315728, 2.68148371403319, 2.68148371403319
19700, 47490, 47490, 47490, 47490, 48896, 2.68907132315728, 2.68907132315728, 2.68907132315728, 2.68907132315728
19750, 47623, 47623, 47490, 47490, 49152, 2.69660230833269, 2.69660230833269, 2.68907132315728, 2.68907132315728
19800, 47690, 47690, 47690, 47690, 49152, 2.6965548703479, 2.6965548703479, 2.6965548703479, 2.6965548703479
19850, 47822, 47822, 47690, 47690, 49408, 2.70401859949208, 2.70401859949208, 2.6965548703479, 2.6965548703479
19900, 47822, 47822, 47822, 47822, 49408, 2.70401859949208, 2.70401859949208, 2.70401859949208, 2.70401859949208
19950, 47952, 47952, 47822, 47822, 49664, 2.71136924183104, 2.71136924183104, 2.70401859949208, 2.70401859949208
20000, 47952, 47952, 47952, 47952, 49664, 2.71136924183104, 2.71136924183104, 2.71136924183104, 2.71136924183104
20050, 48081, 48081, 47952, 47952, 49920, 2.7186633407674, 2.7186633407674, 2.71136924183104, 2.71136924183104
20100, 48081, 48081, 48081, 48081, 49920, 2.7186633407674, 2.7186633407674, 2.7186633407674, 2.7186633407674
20150, 48209, 48209, 48081, 48081, 50176, 2.72590089630115, 2.72590089630115, 2.7186633407674, 2.7186633407674
20200, 48209, 48209, 48209, 48209, 50176, 2.72590089630115, 2.72590089630115, 2.72590089630115, 2.72590089630115
20250, 48335, 48335, 48209, 48209, 50432, 2.73302536502968, 2.73302536502968, 2.72590089630115, 2.72590089630115
20300, 48335, 48335, 48335, 48335, 50432, 2.73302536502968, 2.73302536502968, 2.73302536502968, 2.73302536502968
20350, 48461, 48335, 48335, 48335, 50688, 2.74014983375822, 2.73302536502968, 2.73302536502968, 2.73302536502968
20400, 48461, 48461, 48461, 48461, 50688, 2.74014983375822, 2.74014983375822, 2.74014983375822, 2.74014983375822
20450, 48654, 48654, 48530, 48530, 50944, 2.74714382149366, 2.74714382149366, 2.74014242728424, 2.74014242728424
20500, 48654, 48654, 48654, 48654, 50944, 2.74714382149366, 2.74714382149366, 2.74714382149366, 2.74714382149366
20550, 48777, 48654, 48654, 48654, 51200, 2.75408875284656, 2.74714382149366, 2.74714382149366, 2.74714382149366
20600, 48777, 48777, 48777, 48777, 51200, 2.75408875284656, 2.75408875284656, 2.75408875284656, 2.75408875284656
20650, 48899, 48777, 48777, 48777, 51456, 2.76097722134292, 2.75408875284656, 2.75408875284656, 2.75408875284656
20700, 48899, 48899, 48899, 48899, 51456, 2.76097722134292, 2.76097722134292, 2.76097722134292, 2.76097722134292
20750, 49020, 48899, 48899, 48899, 51712, 2.76780922698276, 2.76097722134292, 2.76097722134292, 2.76097722134292
20800, 49020, 49020, 49020, 49020, 51712, 2.76780922698276, 2.76780922698276, 2.76780922698276, 2.76780922698276
20850, 49139, 49020, 49020, 49020, 51968, 2.77452830690954, 2.76780922698276, 2.76780922698276, 2.76780922698276
20900, 49139, 49139, 49139, 49020, 51968, 2.77452830690954, 2.77452830690954, 2.77452830690954, 2.76780922698276
20950, 49257, 49139, 49139, 49139, 52224, 2.7811909239798, 2.77452830690954, 2.77452830690954, 2.77452830690954
21000, 49328, 49328, 49328, 49209, 52224, 2.78122660976767, 2.78122660976767, 2.78122660976767, 2.77451711482439
21050, 49257, 49257, 49257, 49257, 52224, 2.7811909239798, 2.7811909239798, 2.7811909239798, 2.7811909239798
21100, 49374, 49374, 49374, 49257, 52480, 2.78779707819353, 2.78779707819353, 2.78779707819353, 2.7811909239798
21150, 49490, 49374, 49374, 49374, 52736, 2.79434676955073, 2.78779707819353, 2.78779707819353, 2.78779707819353
21200, 49490, 49490, 49490, 49374, 52736, 2.79434676955073, 2.79434676955073, 2.79434676955073, 2.78779707819353
21250, 49676, 49561, 49561, 49561, 52992, 2.80084765380349, 2.794363688102, 2.794363688102, 2.794363688102
21300, 49676, 49676, 49676, 49561, 52992, 2.80084765380349, 2.80084765380349, 2.80084765380349, 2.794363688102
21350, 49676, 49676, 49676, 49676, 52992, 2.80084765380349, 2.80084765380349, 2.80084765380349, 2.80084765380349
21400, 49789, 49789, 49789, 49676, 53248, 2.80721885488409, 2.80721885488409, 2.80721885488409, 2.80084765380349
21450, 49789, 49789, 49789, 49789, 53248, 2.80721885488409, 2.80721885488409, 2.80721885488409, 2.80721885488409
21500, 49902, 49902, 49902, 49789, 53504, 2.81359005596469, 2.81359005596469, 2.81359005596469, 2.80721885488409
21550, 49902, 49902, 49902, 49902, 53504, 2.81359005596469, 2.81359005596469, 2.81359005596469, 2.81359005596469
21600, 50013, 50013, 50013, 49902, 53760, 2.81984849242439, 2.81984849242439, 2.81984849242439, 2.81359005596469
21650, 50013, 50013, 50013, 50013, 53760, 2.81984849242439, 2.81984849242439, 2.81984849242439, 2.81984849242439
21700, 50123, 50123, 50123, 50013, 54016, 2.82605054657365, 2.82605054657365, 2.82605054657365, 2.81984849242439
21750, 50123, 50123, 50123, 50123, 54016, 2.82605054657365, 2.82605054657365, 2.82605054657365, 2.82605054657365
21800, 50231, 50231, 50123, 50123, 54272, 2.83213983610201, 2.83213983610201, 2.82605054657365, 2.82605054657365
21850, 50231, 50231, 50231, 50231, 54272, 2.83213983610201, 2.83213983610201, 2.83213983610201, 2.83213983610201
21900, 50411, 50411, 50303, 50303, 54528, 2.83822824355257, 2.83822824355257, 2.83214765300083, 2.83214765300083
21950, 50339, 50339, 50339, 50339, 54528, 2.83822912563037, 2.83822912563037, 2.83822912563037, 2.83822912563037
22000, 50517, 50517, 50411, 50411, 54784, 2.84419623057557, 2.84419623057557, 2.83822824355257, 2.83822824355257
22050, 50445, 50445, 50445, 50445, 54784, 2.84420565053783, 2.84420565053783, 2.84420565053783, 2.84420565053783
22100, 50622, 50622, 50517, 50517, 55040, 2.8501079158342, 2.8501079158342, 2.84419623057557, 2.84419623057557
22150, 50622, 50622, 50622, 50622, 55040, 2.8501079158342, 2.8501079158342, 2.8501079158342, 2.8501079158342
22200, 50654, 50654, 50550, 50550, 55296, 2.85598955342142, 2.85598955342142, 2.85012579313485, 2.85012579313485
22250, 50726, 50726, 50726, 50726, 55296, 2.85596329932847, 2.85596329932847, 2.85596329932847, 2.85596329932847
22300, 50829, 50829, 50726, 50726, 55552, 2.86176238105837, 2.86176238105837, 2.85596329932847, 2.85596329932847
22350, 50829, 50829, 50829, 50829, 55552, 2.86176238105837, 2.86176238105837, 2.86176238105837, 2.86176238105837
22400, 50931, 50931, 50829, 50829, 55808, 2.8675051610239, 2.8675051610239, 2.86176238105837, 2.86176238105837
22450, 50931, 50931, 50931, 50931, 55808, 2.8675051610239, 2.8675051610239, 2.8675051610239, 2.8675051610239
22500, 51031, 51031, 50931, 50931, 56064, 2.87313533746069, 2.87313533746069, 2.8675051610239, 2.8675051610239
22550, 51031, 51031, 51031, 51031, 56064, 2.87313533746069, 2.87313533746069, 2.87313533746069, 2.87313533746069
22600, 51130, 51031, 51031, 51031, 56320, 2.87870921213312, 2.87313533746069, 2.87313533746069, 2.87313533746069
22650, 51130, 51130, 51130, 51130, 56320, 2.87870921213312, 2.87870921213312, 2.87870921213312, 2.87870921213312
22700, 51228, 51130, 51130, 51130, 56576, 2.88422678504118, 2.87870921213312, 2.87870921213312, 2.87870921213312
22750, 51228, 51228, 51228, 51228, 56576, 2.88422678504118, 2.88422678504118, 2.88422678504118, 2.88422678504118
22800, 51398, 51301, 51301, 51301, 56832, 2.8896581775729, 2.88420471939895, 2.88420471939895, 2.88420471939895
22850, 51325, 51325, 51325, 51325, 56832, 2.88968805618487, 2.88968805618487, 2.88968805618487, 2.88968805618487
22900, 51420, 51325, 51325, 51325, 57088, 2.89503672379982, 2.88968805618487, 2.88968805618487, 2.88968805618487
22950, 51420, 51420, 51420, 51420, 57088, 2.89503672379982, 2.89503672379982, 2.89503672379982, 2.89503672379982
23000, 51514, 51420, 51420, 51420, 57344, 2.90032908965041, 2.89503672379982, 2.89503672379982, 2.89503672379982
23050, 51514, 51514, 51514, 51514, 57344, 2.90032908965041, 2.90032908965041, 2.90032908965041, 2.90032908965041
23100, 51681, 51588, 51588, 51588, 57600, 2.90556878234844, 2.90034020904765, 2.90034020904765, 2.90034020904765
23150, 51607, 51607, 51607, 51514, 57600, 2.90556515373663, 2.90556515373663, 2.90556515373663, 2.90032908965041
23200, 51699, 51607, 51607, 51607, 57856, 2.91074491605848, 2.90556515373663, 2.90556515373663, 2.90556515373663
23250, 51699, 51699, 51699, 51607, 57856, 2.91074491605848, 2.91074491605848, 2.91074491605848, 2.90556515373663
23300, 51790, 51699, 51699, 51699, 58112, 2.91586837661596, 2.91074491605848, 2.91074491605848, 2.91074491605848
23350, 51864, 51864, 51864, 51773, 58112, 2.91585726529517, 2.91585726529517, 2.91585726529517, 2.91074113443095
23400, 51879, 51790, 51790, 51790, 58368, 2.92087923364471, 2.91586837661596, 2.91586837661596, 2.91586837661596
23450, 51879, 51879, 51879, 51790, 58368, 2.92087923364471, 2.92087923364471, 2.92087923364471, 2.91586837661596
23500, 52042, 51953, 51953, 51953, 58624, 2.92586464215045, 2.92086095372281, 2.92086095372281, 2.92086095372281
23550, 51967, 51967, 51967, 51879, 58624, 2.92583378890909, 2.92583378890909, 2.92583378890909, 2.92087923364471
23600, 52042, 52042, 52042, 52042, 58624, 2.92586464215045, 2.92586464215045, 2.92586464215045, 2.92586464215045
23650, 52129, 52129, 52042, 52042, 58880, 2.93075588814152, 2.93075588814152, 2.92586464215045, 2.92586464215045
23700, 52129, 52129, 52129, 52129, 58880, 2.93075588814152, 2.93075588814152, 2.93075588814152, 2.93075588814152
23750, 52215, 52215, 52215, 52129, 59136, 2.9355909129143, 2.9355909129143, 2.9355909129143, 2.93075588814152
23800, 52215, 52215, 52215, 52215, 59136, 2.9355909129143, 2.9355909129143, 2.9355909129143, 2.9355909129143
23850, 52299, 52299, 52215, 52215, 59392, 2.9403134952505, 2.9403134952505, 2.9355909129143, 2.9355909129143
23900, 52299, 52299, 52299, 52299, 59392, 2.9403134952505, 2.9403134952505, 2.9403134952505, 2.9403134952505
23950, 52383, 52383, 52299, 52299, 59648, 2.9450360775867, 2.9450360775867, 2.9403134952505, 2.9403134952505
24000, 52383, 52383, 52383, 52383, 59648, 2.9450360775867, 2.9450360775867, 2.9450360775867, 2.9450360775867
24050, 52465, 52465, 52383, 52383, 59904, 2.94964621748633, 2.94964621748633, 2.9450360775867, 2.9450360775867
24100, 52465, 52465, 52465, 52465, 59904, 2.94964621748633, 2.94964621748633, 2.94964621748633, 2.94964621748633
24150, 52546, 52546, 52465, 52465, 60160, 2.95420013616767, 2.95420013616767, 2.94964621748633, 2.94964621748633
24200, 52621, 52621, 52621, 52621, 60160, 2.95417831227282, 2.95417831227282, 2.95417831227282, 2.95417831227282
24250, 52625, 52625, 52546, 52546, 60416, 2.95864161241243, 2.95864161241243, 2.95420013616767, 2.95420013616767
24300, 52625, 52625, 52625, 52625, 60416, 2.95864161241243, 2.95864161241243, 2.95864161241243, 2.95864161241243
24350, 52704, 52704, 52625, 52625, 60672, 2.96308308865719, 2.96308308865719, 2.95864161241243, 2.95864161241243
24400, 52704, 52704, 52704, 52704, 60672, 2.96308308865719, 2.96308308865719, 2.96308308865719, 2.96308308865719
24450, 52857, 52857, 52780, 52780, 60928, 2.96742751091398, 2.96742751091398, 2.96310467915394, 2.96310467915394
24500, 52857, 52857, 52857, 52857, 60928, 2.96742751091398, 2.96742751091398, 2.96742751091398, 2.96742751091398
24550, 52933, 52857, 52857, 52857, 61184, 2.97169420200181, 2.96742751091398, 2.96742751091398, 2.96742751091398
24600, 52933, 52933, 52933, 52933, 61184, 2.97169420200181, 2.97169420200181, 2.97169420200181, 2.97169420200181
24650, 53008, 53008, 52933, 52933, 61440, 2.97590475241743, 2.97590475241743, 2.97169420200181, 2.97169420200181
24700, 53008, 53008, 53008, 53008, 61440, 2.97590475241743, 2.97590475241743, 2.97590475241743, 2.97590475241743
24750, 53082, 53008, 53008, 53008, 61696, 2.98005916216085, 2.97590475241743, 2.97590475241743, 2.97590475241743
24800, 53082, 53082, 53082, 53082, 61696, 2.98005916216085, 2.98005916216085, 2.98005916216085, 2.98005916216085
24850, 53154, 53082, 53082, 53082, 61952, 2.98410129055984, 2.98005916216085, 2.98005916216085, 2.98005916216085
24900, 53154, 53154, 53154, 53154, 61952, 2.98410129055984, 2.98410129055984, 2.98410129055984, 2.98410129055984
24950, 53226, 53154, 53154, 53154, 62208, 2.98814341895884, 2.98410129055984, 2.98410129055984, 2.98410129055984
25000, 53226, 53226, 53226, 53226, 62208, 2.98814341895884, 2.98814341895884, 2.98814341895884, 2.98814341895884
25050, 53296, 53226, 53226, 53226, 62464, 2.99207326601342, 2.98814341895884, 2.98814341895884, 2.98814341895884
25100, 53296, 53296, 53296, 53226, 62464, 2.99207326601342, 2.99207326601342, 2.99207326601342, 2.98814341895884
25150, 53365, 53296, 53296, 53296, 62720, 2.9959469723958, 2.99207326601342, 2.99207326601342, 2.99207326601342
25200, 53365, 53365, 53365, 53296, 62720, 2.9959469723958, 2.9959469723958, 2.9959469723958, 2.99207326601342
25250, 53432, 53365, 53365, 53365, 62976, 2.99970839743375, 2.9959469723958, 2.9959469723958, 2.9959469723958
25300, 53432, 53432, 53432, 53365, 62976, 2.99970839743375, 2.99970839743375, 2.99970839743375, 2.9959469723958
25350, 53499, 53432, 53432, 53432, 63232, 3.00346982247171, 2.99970839743375, 2.99970839743375, 2.99970839743375
25400, 53499, 53499, 53499, 53432, 63232, 3.00346982247171, 3.00346982247171, 3.00346982247171, 2.99970839743375
25450, 53499, 53499, 53499, 53499, 63232, 3.00346982247171, 3.00346982247171, 3.00346982247171, 3.00346982247171
25500, 53564, 53564, 53564, 53499, 63488, 3.00711896616525, 3.00711896616525, 3.00711896616525, 3.00346982247171
25550, 53564, 53564, 53564, 53564, 63488, 3.00711896616525, 3.00711896616525, 3.00711896616525, 3.00711896616525
25600, 53705, 53705, 53705, 53641, 63744, 3.01070907372963, 3.01070907372963, 3.01070907372963, 3.00712122565741
25650, 53628, 53628, 53628, 53628, 63744, 3.01071196918658, 3.01071196918658, 3.01071196918658, 3.01071196918658
25700, 53691, 53691, 53691, 53628, 64000, 3.0142488315357, 3.0142488315357, 3.0142488315357, 3.01071196918658
25750, 53691, 53691, 53691, 53691, 64000, 3.0142488315357, 3.0142488315357, 3.0142488315357, 3.0142488315357
25800, 53752, 53752, 53752, 53691, 64256, 3.01767341254041, 3.01767341254041, 3.01767341254041, 3.0142488315357
25850, 53752, 53752, 53752, 53752, 64256, 3.01767341254041, 3.01767341254041, 3.01767341254041, 3.01767341254041
25900, 53890, 53890, 53829, 53829, 64512, 3.0210801970634, 3.0210801970634, 3.01766052936956, 3.01766052936956
25950, 53890, 53890, 53890, 53890, 64512, 3.0210801970634, 3.0210801970634, 3.0210801970634, 3.0210801970634
26000, 53949, 53949, 53890, 53890, 64768, 3.02438774450498, 3.02438774450498, 3.0210801970634, 3.0210801970634
26050, 53872, 53872, 53872, 53872, 64768, 3.0244102932054, 3.0244102932054, 3.0244102932054, 3.0244102932054
26100, 54007, 54007, 53949, 53949, 65024, 3.02763923182043, 3.02763923182043, 3.02438774450498, 3.02438774450498
26150, 54007, 54007, 54007, 54007, 65024, 3.02763923182043, 3.02763923182043, 3.02763923182043, 3.02763923182043
26200, 54064, 54064, 54007, 54007, 65280, 3.03083465900976, 3.03083465900976, 3.02763923182043, 3.02763923182043
26250, 54064, 54064, 54064, 54064, 65280, 3.03083465900976, 3.03083465900976, 3.03083465900976, 3.03083465900976
26300, 54119, 54119, 54064, 54064, 65535, 3.03391796594682, 3.03391796594682, 3.03083465900976, 3.03083465900976
26350, 54119, 54119, 54119, 54119, 65535, 3.03391796594682, 3.03391796594682, 3.03391796594682, 3.03391796594682
26400, 54119, 54119, 54119, 54119, 65535, 3.03391796594682, 3.03391796594682, 3.03391796594682, 3.03391796594682
26450, 54119, 54119, 54119, 54119, 65535, 3.03391796594682, 3.03391796594682, 3.03391796594682, 3.03391796594682
26500, 0, 0, 52977, 52977, 0, 0, 0, 3.03390364697117, 3.03390364697117
