time, m1_pwm, m2_pwm, m3_pwm, m4_pwm, bat_volt, power_m1, power_m2, power_m3, power_m4, power_total
0, 39914, 39644, 39808, 40357, 3.47859239578247, 1.27337492893955, 1.25516781756967, 1.26621232552935, 1.303513524703, 5.09826859674156
50, 38908, 38476, 38161, 38664, 3.55777144432068, 1.20616072524966, 1.17782231931975, 1.15735847104322, 1.19011590857187, 4.7314574241845
100, 41926, 41884, 40358, 40377, 3.58416438102722, 1.41289742708582, 1.40991595420846, 1.3035819302238, 1.30488195367596, 5.43127726519404
150, 43324, 41631, 38398, 39763, 3.61055731773376, 1.51380392566785, 1.39201812098548, 1.1727393851748, 1.26317731333303, 5.34173874516116
200, 44202, 45489, 40483, 39154, 3.60527873039246, 1.57882283677353, 1.67640650915207, 1.31214582071188, 1.22243903973902, 5.78981420637649
250, 39759, 43861, 43399, 38514, 3.60000014305115, 1.26290769939192, 1.55342045204754, 1.51930849597154, 1.18030236041945, 5.51593900783044
300, 40674, 44319, 44351, 40247, 3.61583590507507, 1.32528199701198, 1.58758245970053, 1.58998215145176, 1.29599915596914, 5.79884576413341
350, 37655, 38593, 36995, 37203, 3.631671667099, 1.12483964910565, 1.18546607411683, 1.08308022387364, 1.09616041527237, 4.48954636236848
400, 43954, 39977, 46598, 48949, 3.61583590507507, 1.56032948726794, 1.27764089971286, 1.7626496714145, 1.95201043396491, 6.55263049236021
450, 46746, 48225, 36837, 33887, 3.59472155570984, 1.77430923106118, 1.89275591223014, 1.0731938182765, 0.896509412314675, 5.6367683738825
500, 42135, 44179, 47430, 46187, 3.61583590507507, 1.42777732934231, 1.5771034926833, 1.82865251171443, 1.7304558469032, 6.56398918064324
550, 43505, 46249, 45082, 44101, 3.59472155570984, 1.5271040615983, 1.7352948854174, 1.64525515651545, 1.57127911865798, 6.47893322218914
600, 46526, 48305, 43238, 43685, 3.58944296836853, 1.75699020452426, 1.89926241168088, 1.50750340782567, 1.54038410362317, 6.70414012765397
650, 37945, 40256, 40979, 42478, 3.59472155570984, 1.14342359263, 1.29661320556062, 1.34638515275016, 1.45235434896055, 5.23877629990134
700, 42024, 42727, 37393, 37719, 3.65806460380554, 1.41986558334042, 1.47031791544145, 1.10817333398443, 1.12892860853001, 5.12728544129631
750, 43019, 45748, 44174, 41813, 3.62639307975769, 1.49151405510601, 1.69637004237125, 1.57672983674605, 1.40488250657448, 6.1694964407978
800, 46387, 46149, 46858, 47644, 3.57888579368591, 1.7460879180102, 1.72749305227535, 1.78315610627358, 1.84580868455092, 7.10254576111005
850, 49239, 49832, 46214, 46307, 3.55249285697937, 1.97597828837742, 2.02540236751035, 1.73256240735066, 1.73982734465976, 7.47377040789819
900, 48013, 49581, 49408, 48543, 3.54193544387817, 1.8755630088613, 2.00441479680606, 1.99000714456941, 1.91867947539387, 7.78866442563065
950, 48486, 47867, 47101, 48005, 3.55249285697937, 1.91402096492733, 1.86376429672214, 1.80241998210551, 1.87491562321906, 7.45512086697404
1000, 47347, 47880, 46607, 46142, 3.55777144432068, 1.82201821478035, 1.86481348705083, 1.76335769180583, 1.72694752867249, 7.1771369223095
1050, 45909, 45950, 44883, 44699, 3.58416438102722, 1.70883456751161, 1.71201546366257, 1.63012192892838, 1.61618677797803, 6.66715873808059
1100, 46073, 46388, 45470, 45053, 3.57888579368591, 1.72157446005086, 1.74616624049587, 1.6749462845307, 1.64304580068564, 6.78573278576306
1150, 44552, 44442, 43692, 43685, 3.59472155570984, 1.60509346830732, 1.59681541945902, 1.54090162432085, 1.54038410362317, 6.28319461571037
1200, 29284, 28041, 28763, 28483, 3.72668623924255, 0.651266758105915, 0.591517793756318, 0.625884455565793, 0.612445057051485, 2.48111406447951
1250, 42869, 43121, 42242, 41411, 3.61583590507507, 1.48060805540476, 1.49895132188804, 1.43542330213816, 1.37654131454656, 5.79152399397752
1300, 33315, 30003, 30816, 32922, 3.70557188987732, 0.864000371023387, 0.687094953612965, 0.728719798284983, 0.841996639634493, 3.12181176255583
1350, 43877, 44208, 44146, 43856, 3.59472155570984, 1.55460809363188, 1.57927150363676, 1.57463811940237, 1.55304940011923, 6.26156711679025
1400, 38558, 37024, 31997, 33133, 3.67390036582947, 1.18317704704321, 1.08489946188962, 0.791278129025378, 0.853776675839588, 3.9131313137978
1450, 43974, 45100, 45767, 44951, 3.58416438102722, 1.56181715299777, 1.64662716881362, 1.69783882756375, 1.63528583280866, 6.5415689821838
1500, 35619, 39366, 39996, 36706, 3.65278601646423, 0.998420469822518, 1.23654953312239, 1.27892877174002, 1.06502930781332, 4.57892808249825
1550, 49239, 47583, 43135, 46367, 3.55777144432068, 1.97597828837742, 1.84091090659622, 1.49997346105626, 1.74452180694219, 7.06138446297208
1600, 39957, 40705, 39411, 39993, 3.63695025444031, 1.27628590043489, 1.3274198064059, 1.2395544448797, 1.27872538319058, 5.12198553491108
1650, 47522, 47071, 45900, 47930, 3.5683286190033, 1.83601908151055, 1.80003659497807, 1.70813668595298, 1.86885134897554, 7.21304371141714
1700, 42560, 43860, 37747, 38221, 3.62111449241638, 1.45825874388053, 1.55334623838302, 1.13071972417257, 1.16124335164968, 5.3035680580858
1750, 46737, 47162, 46716, 48331, 3.56305003166199, 1.77359919718929, 1.80727065678206, 1.77194295827527, 1.9013792182094, 7.25419203045602
1800, 40833, 43816, 39874, 39204, 3.62111449241638, 1.33626391117392, 1.55008246031841, 1.27066983959152, 1.22576014761874, 5.38277635870258
1850, 48259, 47421, 45034, 48165, 3.55777144432068, 1.8955199291084, 1.82793259673382, 1.64159903346342, 1.88788272782865, 7.25293428713429
1900, 39126, 43338, 41179, 39384, 3.62111449241638, 1.22058106416477, 1.5148307431262, 1.36030764510142, 1.23775108788157, 5.33347054027396
1950, 47962, 46132, 43926, 47740, 3.5736072063446, 1.87143767478925, 1.72616834652731, 1.55824785628156, 1.85352871326426, 7.00938259086238
2000, 40952, 42761, 39841, 39304, 3.62639307975769, 1.34451073233794, 1.4727787208128, 1.2684401666131, 1.23241502923661, 5.31814464900044
2050, 47192, 47348, 45777, 46642, 3.5736072063446, 1.80965842448837, 1.82209808038603, 1.69861210717985, 1.76611234421288, 7.09648095626714
2100, 40975, 42894, 41565, 40722, 3.61055731773376, 1.34610738400887, 1.48242314492608, 1.38736662184921, 1.32859283609201, 5.54448998687618
2150, 48050, 46389, 45344, 47948, 3.56305003166199, 1.87855849539853, 1.74624456459406, 1.66527751272687, 1.87030595615806, 7.16038652887751
2200, 41112, 43502, 41563, 39674, 3.61583590507507, 1.35563617442037, 1.52688317844915, 1.3872257804554, 1.25718477037834, 5.52692990370325
2250, 46726, 47617, 45895, 45863, 3.5683286190033, 1.77273155498189, 1.84364008146498, 1.70774903059536, 1.70526899407976, 7.02938966112199
2300, 41320, 41373, 40996, 41595, 3.62111449241638, 1.37016310544531, 1.37387620897579, 1.34756596800026, 1.38948004135044, 5.4810853237718
2350, 47681, 47897, 46230, 46140, 3.5683286190033, 1.84878236732193, 1.86618591231342, 1.73381129482441, 1.72679167932202, 7.17557125378178
2400, 41278, 42893, 42374, 40392, 3.61055731773376, 1.36722397052101, 1.48235052154777, 1.44488184751091, 1.30590871548565, 5.60036505506535
2450, 47731, 46622, 46658, 47110, 3.56305003166199, 1.8528043347575, 1.76453801562147, 1.76737227071713, 1.80313527992241, 7.18784990101851
2500, 42509, 43832, 42271, 40233, 3.60527873039246, 1.4545851909928, 1.55126892141886, 1.4374988425653, 1.29504423785415, 5.73839719283111
2550, 47620, 46992, 46867, 47121, 3.56305003166199, 1.84388097978734, 1.79376725436721, 1.7838678913812, 1.80400970934096, 7.2255258348767
2600, 42985, 43120, 41750, 41072, 3.60527873039246, 1.48903877664278, 1.49887832430171, 1.40042321976656, 1.35285080742097, 5.74119112813203
2650, 46936, 47252, 47196, 46354, 3.56305003166199, 1.78932923553953, 1.81443829031625, 1.80997690259169, 1.74350418067584, 7.15724860912332
2700, 41974, 41685, 41521, 40640, 3.61055731773376, 1.41630841020451, 1.39582928169975, 1.38426964872117, 1.32293915186531, 5.51934649249075
2750, 46892, 45959, 45508, 45463, 3.5736072063446, 1.78584575536592, 1.71271407304997, 1.67786731934586, 1.67440845466281, 6.85083560242456
2800, 42211, 41020, 41043, 40787, 3.61055731773376, 1.43320616166746, 1.34923382286872, 1.35083308622434, 1.3330824071734, 5.46635547793392
2850, 46377, 45817, 45525, 44791, 3.57888579368591, 1.74530478184441, 1.70170684455776, 1.67917485634369, 1.62314745736173, 6.74933394010758
2900, 41464, 42197, 41917, 39573, 3.61583590507507, 1.38026245163977, 1.43220539434702, 1.41225829350446, 1.25040040208479, 5.47512654157604
2950, 45831, 44910, 45254, 44392, 3.57888579368591, 1.70279061450352, 1.63217140132176, 1.65838702756746, 1.59305920203, 6.58640824542275
3000, 44288, 41128, 40228, 40959, 3.61055731773376, 1.58525935443495, 1.35675106881651, 1.29470327537417, 1.34499657626884, 5.58171027489447
3050, 46775, 46709, 46175, 43706, 3.5736072063446, 1.77659800434154, 1.7713910363172, 1.72951997563282, 1.54193690696969, 6.81944592326126
3100, 44301, 41678, 42275, 42151, 3.60000014305115, 1.58623336860816, 1.3953349688212, 1.43778523332681, 1.42891944583692, 5.84827301659309
3150, 47285, 46545, 46654, 44796, 3.5683286190033, 1.81706967697149, 1.75848286395229, 1.76705725045787, 1.62352615038562, 6.96613594176728
3200, 44113, 43100, 42981, 40698, 3.59472155570984, 1.57217452813295, 1.49741871852042, 1.48874769270702, 1.32693693471017, 5.88527787407056
3250, 47528, 45510, 45645, 44823, 3.5736072063446, 1.83649998059826, 1.67802112290074, 1.68841785665088, 1.62557179660678, 6.82851075675666
3300, 44127, 43276, 43272, 40842, 3.60000014305115, 1.57321947040313, 1.51028585678654, 1.50999285550918, 1.33688679310771, 5.93038497580656
3350, 47634, 46068, 46418, 44902, 3.56305003166199, 1.84500536228351, 1.72118540614621, 1.74851666483922, 1.63156402648619, 6.94627145975513
3400, 43953, 42773, 43306, 40650, 3.60000014305115, 1.56025512118412, 1.4736476960838, 1.51248420559162, 1.32362802314452, 5.87001504600405
3450, 47234, 45952, 45725, 43859, 3.57888579368591, 1.81300372440628, 1.71217069887312, 1.69459282138599, 1.55327202635792, 6.77303927102331
3500, 43400, 43319, 44252, 40827, 3.59472155570984, 1.51938195273648, 1.51343728328871, 1.5825635264382, 1.33584873177406, 5.95123149423745
3550, 47380, 46971, 46224, 43480, 3.57888579368591, 1.82465462572614, 1.79210240696767, 1.73334291359342, 1.52526382059455, 6.87536376688178
3600, 44039, 43077, 43408, 41286, 3.59472155570984, 1.56665659171825, 1.49574098656789, 1.51996966605036, 1.36778357907169, 5.95015082340819
3650, 46760, 45766, 45855, 44226, 3.5736072063446, 1.7754139871946, 1.69776150850716, 1.70464924383402, 1.58061785753161, 6.75844259706739
3700, 43261, 44381, 44684, 40859, 3.5683286190033, 1.50918723776659, 1.59223338227458, 1.61505319284942, 1.33806371727333, 6.05453753016392
3750, 46633, 45688, 46167, 44719, 3.5683286190033, 1.76540381665576, 1.69173561149541, 1.72889619063423, 1.61769879548152, 6.80373441426693
3800, 43480, 44164, 43853, 40166, 3.5683286190033, 1.52526382059455, 1.5759826475786, 1.55282678863568, 1.29047882637872, 5.94455208318756
3850, 46150, 43528, 43342, 43303, 3.61055731773376, 1.72757099067894, 1.5287979903691, 1.51512417876312, 1.51226430407123, 6.28375746388239
3900, 43551, 42658, 42719, 40636, 3.60527873039246, 1.53049278826038, 1.46532979701975, 1.46973917984483, 1.32266365021605, 5.78822541534102
3950, 46315, 45695, 45043, 42954, 3.57888579368591, 1.7404529374311, 1.69227599463781, 1.64228427104571, 1.48678356618508, 6.56179676929969
4000, 44670, 42668, 43300, 42382, 3.58944296836853, 1.61399551108389, 1.46605222541465, 1.51204441735894, 1.44545601985942, 6.0375481737169
4050, 47054, 45486, 45135, 44009, 3.5683286190033, 1.79868665021869, 1.67617590843785, 1.64929647877075, 1.56442214474542, 6.68858118217271
4100, 44724, 43639, 43680, 41713, 3.58944296836853, 1.61807690175305, 1.53698525421226, 1.54001449522013, 1.39780734783181, 6.09288399901726
4150, 46609, 44628, 45065, 43907, 3.5736072063446, 1.76351504738291, 1.61082438372334, 1.64395985098012, 1.5568360526414, 6.57513533472777
4200, 44910, 43789, 43704, 41481, 3.58944296836853, 1.63217140132176, 1.54808125918757, 1.54178898975508, 1.38145701461322, 6.10349866487763
4250, 46892, 45013, 45209, 44023, 3.5683286190033, 1.78584575536592, 1.64000065826639, 1.65494671917919, 1.56546470324637, 6.64625783605787
4300, 45580, 43853, 43086, 41607, 3.58416438102722, 1.68340833380296, 1.55282678863568, 1.49639738657439, 1.39032582837344, 6.12295833738647
4350, 46590, 45285, 45837, 44083, 3.5736072063446, 1.76202042945463, 1.66075893160984, 1.70325518444585, 1.56993644640158, 6.69597099191189
4400, 45084, 43816, 43784, 41663, 3.58416438102722, 1.64540757630486, 1.55008246031841, 1.54771079759314, 1.39427600127796, 6.13747683549437
4450, 46942, 45394, 45460, 44154, 3.5736072063446, 1.78980449658659, 1.6691112432292, 1.6741779804832, 1.57523562202942, 6.70832934232842
4500, 45223, 44306, 44094, 41895, 3.5736072063446, 1.65601668475104, 1.58660806300791, 1.57075690531379, 1.41069653307913, 6.22407818615187
4550, 46757, 45748, 45620, 43914, 3.5683286190033, 1.77517722719519, 1.69637004237125, 1.68649030672217, 1.55735612199397, 6.71539369828258
4600, 45095, 44387, 43966, 41695, 3.58416438102722, 1.64624600143144, 1.5926838049067, 1.56122200806726, 1.39653558427151, 6.19668739867691
4650, 46222, 45548, 45585, 43776, 3.5736072063446, 1.73318679943042, 1.68094462296058, 1.68379343858417, 1.54711814433437, 6.64504300530954
4700, 44082, 44618, 43881, 40688, 3.58416438102722, 1.5698618690498, 1.61006977749374, 1.55490506959913, 1.32624726021315, 6.06108397635582
4750, 46185, 44792, 44484, 43506, 3.58944296836853, 1.73029985221106, 1.62322319270753, 1.59997379754429, 1.52717769260109, 6.48067453506397
4800, 45067, 44155, 43473, 41943, 3.57888579368591, 1.6441122154687, 1.57531031722121, 1.52474873717394, 1.41410504625892, 6.15827631612278
4850, 45920, 44948, 44248, 43093, 3.57888579368591, 1.70968771179796, 1.63505785478392, 1.58226412080474, 1.49690801218173, 6.42391769956835
4900, 45151, 43582, 43113, 42569, 3.58416438102722, 1.65051739812584, 1.53277845599086, 1.49836738732216, 1.45890746433718, 6.14057070577603
4950, 45871, 45331, 43727, 42009, 3.57888579368591, 1.70588884788422, 1.66428140761784, 1.54349043402188, 1.418797995864, 6.33245868538794
5000, 44696, 44420, 43546, 41877, 3.58416438102722, 1.61596003160234, 1.5951621806784, 1.53012428000999, 1.40941932680684, 6.15066581909757
5050, 46028, 45081, 44143, 43357, 3.57888579368591, 1.71807442935202, 1.64517894906037, 1.57441408291711, 1.51622479679841, 6.45389225812792
5100, 45328, 44866, 43363, 42070, 3.57888579368591, 1.66405157617758, 1.62883212944221, 1.51666514763501, 1.42314184562472, 6.23269069887952
5150, 45827, 45735, 44316, 42902, 3.5736072063446, 1.70248093357741, 1.69536542089754, 1.58735757440646, 1.48300419134072, 6.46820812022212
5200, 45022, 44609, 44270, 43347, 3.57888579368591, 1.64068558834767, 1.6093907713674, 1.5839111755577, 1.5154910103201, 6.34947854559287
5250, 46863, 46690, 44929, 44062, 3.56305003166199, 1.7835515263698, 1.76989335989003, 1.6336143341911, 1.56837066580988, 6.7554298862608
5300, 45370, 45672, 44617, 43108, 3.5683286190033, 1.66727054610051, 1.69050074810684, 1.60999432584304, 1.49800248175752, 6.46576810180791
5350, 46284, 45396, 44628, 44232, 3.5683286190033, 1.73802934063131, 1.66926467685909, 1.61082438372334, 1.58106675992395, 6.5991851611377
5400, 45467, 46528, 44679, 42206, 3.56305003166199, 1.67471577628196, 1.75714729918273, 1.61467541267059, 1.43284870748411, 6.4793871956194
5450, 46452, 45948, 45582, 44635, 3.56305003166199, 1.75118223315262, 1.71186023492074, 1.68356237085217, 1.6113527051438, 6.75795754406934
5500, 45913, 45454, 43729, 42638, 3.5736072063446, 1.70914477915168, 1.67371707592889, 1.54363842671993, 1.46388543590267, 6.39038571770316
5550, 45971, 45561, 44987, 43714, 3.5683286190033, 1.71364575598433, 1.68194530526013, 1.63802271174518, 1.54252864146954, 6.57614241445917
5600, 45236, 44389, 43068, 42310, 3.57888579368591, 1.65701050938375, 1.59283395885467, 1.49508472002904, 1.44029228282757, 6.18522147109503
5650, 45861, 45244, 43975, 43298, 3.57888579368591, 1.70511404680949, 1.65762223025582, 1.56189155348611, 1.51189783444428, 6.43652566499569
5700, 45470, 45236, 43496, 42342, 3.5736072063446, 1.6749462845307, 1.65701050938375, 1.52644145651826, 1.44258621751778, 6.30098446795049
5750, 46116, 45802, 44742, 43747, 3.5683286190033, 1.72492199106992, 1.70054601451804, 1.61943842177741, 1.54497065633816, 6.58987708370353
5800, 46037, 45135, 43553, 43080, 3.5736072063446, 1.71877417367425, 1.64929647877075, 1.53064020305955, 1.4959597717407, 6.39467062724525
5850, 45887, 45882, 45068, 43724, 3.5683286190033, 1.70712886614746, 1.70674131594729, 1.64418840015286, 1.54326845728108, 6.60132703952869
5900, 45673, 45081, 43774, 43024, 3.5736072063446, 1.69057791491805, 1.64517894906037, 1.54696999742257, 1.49187822737042, 6.3746050887714
5950, 46217, 45836, 44625, 43727, 3.5683286190033, 1.73279654227309, 1.70317775207611, 1.6105979847259, 1.54349043402188, 6.59006271309697
6000, 45449, 45217, 44420, 43294, 3.5683286190033, 1.67333303341775, 1.65555808907774, 1.5951621806784, 1.5116046883598, 6.43565799153368
6050, 46471, 45430, 44479, 44357, 3.5683286190033, 1.75267262703248, 1.67187404181901, 1.59959764910582, 1.59043227996363, 6.61457659792094
6100, 45503, 45338, 43871, 42892, 3.5736072063446, 1.6774828388418, 1.66481773780973, 1.55416267885832, 1.48227789981917, 6.37874115532902
6150, 45791, 45919, 44958, 43769, 3.5736072063446, 1.69969497063535, 1.70961014513876, 1.63581783850587, 1.54659965884908, 6.59172261312907
6200, 45139, 44996, 43838, 42951, 3.5736072063446, 1.64960166959081, 1.63870726105241, 1.55171395255507, 1.48656540410861, 6.3265882873069
6250, 45114, 45750, 44679, 43202, 3.5736072063446, 1.64769465376719, 1.69652462381156, 1.61467541267059, 1.50486959605688, 6.46376428630622
6300, 45486, 44103, 43443, 44259, 3.5736072063446, 1.67617590843785, 1.57142833720244, 1.52254214900716, 1.58308754925332, 6.35323394390077
6350, 45837, 45818, 43749, 43339, 3.5683286190033, 1.70325518444585, 1.70178424617622, 1.54511871466483, 1.514904099568, 6.4650622448549
6400, 45545, 46134, 44865, 44266, 3.56305003166199, 1.68071373519018, 1.72632417003475, 1.62875627354211, 1.58361165219187, 6.6194058309589
6450, 46913, 46944, 44665, 44368, 3.55777144432068, 1.78750793737628, 1.78996292978872, 1.61361784505762, 1.59125766835813, 6.78234638058075
6500, 45275, 45800, 44686, 43991, 3.56305003166199, 1.65999363071155, 1.70039126469744, 1.61520431633557, 1.56308218408672, 6.53867139583129
6550, 46243, 46688, 44175, 43695, 3.56305003166199, 1.73482632017551, 1.76973574353394, 1.57680456466139, 1.54112344352386, 6.62249007189471
6600, 43968, 44734, 44640, 44096, 3.5736072063446, 1.56137078447036, 1.61883323656159, 1.61173012652234, 1.57090610094194, 6.36284024849623
6650, 46199, 46649, 43108, 42730, 3.5683286190033, 1.73139195068424, 1.76666351135186, 1.49800248175752, 1.47053496853978, 6.46659291233339
6700, 44097, 44326, 43968, 44027, 3.5736072063446, 1.57098070121137, 1.58810724926154, 1.56137078447036, 1.56576263606165, 6.28622137100493
6750, 45399, 46627, 44094, 43325, 3.5683286190033, 1.66949483947696, 1.76493153739656, 1.57075690531379, 1.51387725907908, 6.51906054126639
6800, 45076, 46522, 43982, 43054, 3.5683286190033, 1.64479793618154, 1.75667603454002, 1.56241240277335, 1.4940641262744, 6.45795049976931
6850, 45356, 46009, 45065, 44677, 3.56305003166199, 1.66619723791058, 1.71659762129676, 1.64395985098012, 1.61452431201391, 6.64127902220136
6900, 45783, 46130, 43905, 43427, 3.56305003166199, 1.69907615266315, 1.72601252948085, 1.55668747614791, 1.52136590690499, 6.50314206519689
6950, 46637, 46653, 44438, 44340, 3.55777144432068, 1.7657187016936, 1.76697849941725, 1.59651477179041, 1.58915706864538, 6.71836904154663
7000, 45310, 45857, 44973, 43574, 3.56305003166199, 1.66267289444381, 1.70480417168653, 1.63695811928566, 1.53218845514271, 6.5366236405587
7050, 45767, 46027, 44420, 43028, 3.5683286190033, 1.69783882756375, 1.71799668806449, 1.5951621806784, 1.49216959485163, 6.50316729115827
7100, 44874, 45954, 45500, 43284, 3.56305003166199, 1.62943903527581, 1.71232594055231, 1.6772521700025, 1.51087193833087, 6.52988908416149
7150, 46026, 46125, 44377, 43099, 3.5683286190033, 1.71791894839332, 1.72562301513199, 1.59193313319717, 1.49734575552944, 6.53282085225192
7200, 44841, 44782, 44780, 43563, 3.5683286190033, 1.6269362205813, 1.62246591257883, 1.62231447610803, 1.53137737561473, 6.40309398488288
7250, 46551, 45817, 43749, 43216, 3.5683286190033, 1.75895435090453, 1.70170684455776, 1.54511871466483, 1.50589360266803, 6.51167351279514
7300, 44666, 45184, 45534, 43476, 3.56305003166199, 1.61369337500121, 1.65303685860983, 1.67986727155549, 1.52496947735035, 6.47156698251687
7350, 46962, 46167, 43789, 42928, 3.56305003166199, 1.79138911778613, 1.72889619063423, 1.54808125918757, 1.48489332128798, 6.55325988889591
7400, 44966, 44875, 45202, 43654, 3.56305003166199, 1.63642594268082, 1.62951490583395, 1.65441185583361, 1.53809319301139, 6.45844589735977
7450, 46269, 45698, 44306, 43170, 3.56305003166199, 1.73685718918353, 1.69250761171173, 1.58660806300791, 1.50253022132821, 6.51850308523137
7500, 45149, 45023, 44750, 43354, 3.56305003166199, 1.65036476044603, 1.64076169982544, 1.62004371131531, 1.51600464358436, 6.42717481517114
7550, 45099, 44893, 44652, 43324, 3.5683286190033, 1.6465509320847, 1.63088085436369, 1.61263610420231, 1.51380392566785, 6.40387181631854
7600, 45007, 45529, 44921, 42779, 3.5683286190033, 1.63954411143343, 1.67948258022127, 1.63300671187118, 1.47408227287354, 6.42611567639942
7650, 44958, 44888, 44499, 43028, 3.5683286190033, 1.63581783850587, 1.63050137129004, 1.60110248777104, 1.49216959485163, 6.35959129241859
7700, 45212, 45433, 44990, 43042, 3.5683286190033, 1.65517597070346, 1.67210436997033, 1.63825088020114, 1.49318958871343, 6.45872080958837
7750, 45765, 45155, 43932, 42792, 3.5683286190033, 1.69768419106971, 1.65082269299355, 1.55869381191712, 1.47502405980348, 6.38222475578386
7800, 45350, 45497, 45024, 43194, 3.5683286190033, 1.66573734609458, 1.67702151576091, 1.64083781293026, 1.5042845943049, 6.48788126909065
7850, 45661, 45538, 44608, 43075, 3.56305003166199, 1.68965202011493, 1.68017505381182, 1.60931533439935, 1.49559513802474, 6.47473754635084
7900, 45600, 45673, 45148, 43515, 3.56305003166199, 1.68494899608192, 1.69057791491805, 1.65028844404468, 1.52784044556817, 6.55365580061281
7950, 45767, 45278, 44275, 43351, 3.56305003166199, 1.69783882756375, 1.66022320392573, 1.58428561655364, 1.51578450517351, 6.45813215321663
8000, 45478, 46883, 45271, 42310, 3.56305003166199, 1.67556104457383, 1.7851336086075, 1.65968755583376, 1.44029228282757, 6.56067449184266
8050, 45367, 46200, 45073, 43023, 3.55777144432068, 1.66704052470211, 1.73146996982736, 1.6445693479719, 1.49180538962087, 6.53488523212224
8100, 45526, 46335, 44859, 43073, 3.56305003166199, 1.67925178488056, 1.74201737107024, 1.62830117234508, 1.49544929607267, 6.54501962436854
8150, 45306, 46471, 45163, 43189, 3.56305003166199, 1.66236659217852, 1.75267262703248, 1.65143336075891, 1.50391902172094, 6.57039160169085
8200, 44726, 45551, 45407, 44013, 3.56305003166199, 1.61822815567331, 1.6811755253241, 1.670108677871, 1.56471998584747, 6.53423234471588
8250, 46040, 46142, 44142, 43618, 3.56305003166199, 1.7190074508746, 1.72694752867249, 1.57433940736149, 1.53543476049013, 6.55572914739871
8300, 44672, 46290, 45546, 43504, 3.55777144432068, 1.61414658891006, 1.73849830287083, 1.68079069615884, 1.52703043223871, 6.56046602017844
8350, 45967, 46121, 44585, 43723, 3.56305003166199, 1.71333516913401, 1.72531143272855, 1.60758073443819, 1.54319446831586, 6.58942180461661
8400, 45047, 46161, 45740, 44005, 3.55777144432068, 1.64258886338032, 1.72842841970955, 1.69575178138398, 1.56412432984867, 6.63089339432252
8450, 45871, 46488, 44512, 42965, 3.55777144432068, 1.70588884788422, 1.75400663050869, 1.60208098310536, 1.48758362077401, 6.54956008227227
8500, 45009, 45244, 45388, 44098, 3.56305003166199, 1.63969628720235, 1.65762223025582, 1.66865098129415, 1.57105530311771, 6.53702480187002
8550, 45889, 45792, 44151, 43131, 3.56305003166199, 1.70728389755255, 1.69977233016691, 1.57501154627182, 1.49968138835, 6.48174916234128
8600, 44822, 45327, 45999, 44378, 3.55777144432068, 1.62549601075141, 1.66397496894508, 1.71582058829457, 1.59200819301567, 6.59729976100673
8650, 46327, 46105, 44346, 43084, 3.55777144432068, 1.74139152018185, 1.72406536157914, 1.58960708929875, 1.49625150837243, 6.55131547943217
8700, 44951, 44518, 46102, 44771, 3.55777144432068, 1.63528583280866, 1.60253268938935, 1.72383176927991, 1.62163309265727, 6.5832833841352
8750, 46154, 46296, 45028, 42880, 3.55777144432068, 1.72788276044374, 1.73896732319856, 1.64114228161973, 1.48140656775691, 6.58939893301894
8800, 45560, 45408, 46092, 44317, 3.55249285697937, 1.68186831997042, 1.67018541497367, 1.72305323329562, 1.5874325345366, 6.66253950277631
8850, 45750, 45688, 45284, 43242, 3.55249285697937, 1.69652462381156, 1.69173561149541, 1.66068239421069, 1.50779618526968, 6.55673881478734
8900, 45246, 44570, 44951, 43544, 3.56305003166199, 1.65777517672095, 1.60644993862125, 1.63528583280866, 1.52997688820907, 6.42948783635993
8950, 45547, 44859, 44646, 43301, 3.56305003166199, 1.68086765874898, 1.62830117234508, 1.61218308600335, 1.51211771128434, 6.43346962838175
9000, 45798, 45409, 44880, 43314, 3.56305003166199, 1.70023652135194, 1.67026215369929, 1.62989428305368, 1.51307068203893, 6.51346364014384
9050, 45764, 45306, 45002, 43522, 3.55777144432068, 1.6976068752514, 1.66236659217852, 1.63916370048756, 1.52835601211146, 6.52749318002894
9100, 44978, 45059, 45979, 43905, 3.55777144432068, 1.63733829425943, 1.64350279655301, 1.71426700729815, 1.55668747614791, 6.5517955742585
9150, 46274, 45271, 45002, 44023, 3.55777144432068, 1.73724786598994, 1.65968755583376, 1.63916370048756, 1.56546470324637, 6.60156382555764
9200, 45759, 45791, 45578, 43169, 3.55777144432068, 1.69722032044745, 1.69969497063535, 1.68325430323821, 1.50245714303765, 6.58262673735867
9250, 46465, 45934, 45168, 42970, 3.55249285697937, 1.75220191347633, 1.71077381485911, 1.65181508094307, 1.48794734790926, 6.60273815718778
9300, 46342, 45526, 46208, 43955, 3.55777144432068, 1.7425650752846, 1.67925178488056, 1.73209418109409, 1.56040385499018, 6.71431489624942
9350, 47097, 46124, 46059, 43940, 3.54721426963806, 1.80210211369244, 1.72554511710813, 1.72048521092194, 1.55928851119527, 6.80742095291779
9400, 45780, 45256, 46186, 43120, 3.55249285697937, 1.69884412263605, 1.65854000652514, 1.7303778487498, 1.49887832430171, 6.58664030221271
9450, 47160, 45591, 44912, 42642, 3.55777144432068, 1.80711152360219, 1.68425561781659, 1.63232326131332, 1.46417425525138, 6.58786465798347
9500, 45647, 45291, 46927, 43461, 3.55249285697937, 1.68857210439883, 1.66121819011373, 1.78861645242108, 1.52386592438935, 6.66227267132299
9550, 47054, 45543, 45517, 42898, 3.55249285697937, 1.79868665021869, 1.68055981811733, 1.67855948643086, 1.48271365493617, 6.64051960970306
9600, 45578, 45312, 46770, 42798, 3.55249285697937, 1.68325430323821, 1.66282605532043, 1.77620329174743, 1.47545882479016, 6.59774247509624
9650, 46746, 45514, 45841, 42509, 3.55777144432068, 1.77430923106118, 1.67832874947274, 1.7035649301085, 1.4545851909928, 6.61078810163521
9700, 46485, 44961, 46223, 43306, 3.55777144432068, 1.7537711842885, 1.63604586536376, 1.73326485570478, 1.51248420559162, 6.63556611094865
9750, 46276, 45503, 46359, 42845, 3.55249285697937, 1.7374041480087, 1.6774828388418, 1.74389554313734, 1.47886653963977, 6.63764906962761
9800, 46950, 46053, 46426, 43203, 3.54721426963806, 1.79043826795322, 1.72001848682615, 1.7491436897303, 1.50494272868487, 6.76454317319454
9850, 46482, 45326, 46383, 43575, 3.55249285697937, 1.75353575257168, 1.66389836333638, 1.74577464419294, 1.53226219950022, 6.69547095960123
9900, 46158, 44935, 45291, 42516, 3.55777144432068, 1.72819455604867, 1.63407011930915, 1.66121819011373, 1.45508914948191, 6.47857201495346
9950, 46024, 45426, 45425, 42578, 3.55777144432068, 1.7177634739001, 1.67156696033526, 1.67149019402119, 1.45955631869929, 6.52037694695584
10000, 46234, 45875, 45771, 43005, 3.55777144432068, 1.73412358126254, 1.70619881361926, 1.69814811998127, 1.49049459200258, 6.62896510686565
10050, 46778, 45961, 46084, 44039, 3.54721426963806, 1.77683485119891, 1.71286933736869, 1.72243052083579, 1.56665659171825, 6.77879130112163
10100, 46396, 46230, 45758, 43126, 3.54721426963806, 1.74679287843098, 1.73381129482441, 1.69714301434425, 1.49931633452868, 6.67706352212832
10150, 46264, 46235, 45993, 43276, 3.55249285697937, 1.73646655272174, 1.7342016569075, 1.71535444609214, 1.51028585678654, 6.69630851250792
10200, 42482, 41533, 41057, 38855, 3.55249285697937, 1.45264211022946, 1.38511395824768, 1.35180698325612, 1.20266701070712, 5.39223006244039
10250, 41608, 40529, 40278, 37716, 3.60527873039246, 1.39039632143764, 1.31530392266326, 1.29811478777523, 1.12873678254977, 5.1325518144259
10300, 42701, 41824, 42229, 39291, 3.60000014305115, 1.46843741122528, 1.40566178839025, 1.43449333970932, 1.23154893989534, 5.54014147922018
10350, 43798, 43160, 43332, 40087, 3.57888579368591, 1.54874819338753, 1.50179951252852, 1.51439063902017, 1.28510541070409, 5.85004375564031
10400, 40811, 39823, 40845, 37373, 3.5683286190033, 1.33474188093132, 1.26722475344861, 1.33709445050689, 1.10690591097146, 5.04596699585828
10450, 41421, 40016, 41727, 38003, 3.60527873039246, 1.37724305785574, 1.2802850819113, 1.39879686961747, 1.14715756980143, 5.20348257918595
10500, 42985, 41740, 43581, 39044, 3.59472155570984, 1.48903877664278, 1.39971600297704, 1.53270470013641, 1.21514747179253, 5.63660695154876
10550, 43683, 43115, 46419, 41360, 3.5736072063446, 1.54023625533804, 1.49851336107965, 1.74859503730802, 1.37296501454288, 6.16030966826859
10600, 41919, 41109, 44366, 38763, 3.55249285697937, 1.41240031156884, 1.35542717927649, 1.59110758303442, 1.19661374065876, 5.55554881453851
10650, 42920, 41334, 43887, 39284, 3.58944296836853, 1.48431193177424, 1.37114347037158, 1.5553505827256, 1.231082702257, 5.64188868712841
10700, 45098, 43088, 45168, 40764, 3.5736072063446, 1.646474696982, 1.49654327136695, 1.65181508094307, 1.33149298193159, 6.12632603122362
10750, 46499, 44674, 46391, 41315, 3.55777144432068, 1.75487005739588, 1.61429767325934, 1.74640121762794, 1.36981305426906, 6.48538200255222
10800, 44535, 41564, 44133, 38867, 3.54193544387817, 1.60381284299036, 1.38729620032038, 1.57366740100093, 1.20345762407429, 5.76823406838596
10850, 45168, 40278, 44604, 40362, 3.58416438102722, 1.65181508094307, 1.29811478777523, 1.60901360284183, 1.30385556907368, 5.86279904063381
10900, 46613, 42838, 46459, 40825, 3.56305003166199, 1.763829777859, 1.47835877658367, 1.75173125794137, 1.33571035201417, 6.32963016439821
10950, 47311, 44452, 48481, 41818, 3.54721426963806, 1.81914412020025, 1.59756715295479, 1.91361257011003, 1.40523670066453, 6.73556054392959
11000, 47118, 41907, 44968, 38266, 3.53137826919556, 1.80377120933322, 1.41154830278974, 1.63657798500126, 1.1641610271049, 6.01605852422913
11050, 46319, 40434, 46748, 40358, 3.5736072063446, 1.7407657725362, 1.30878565499059, 1.77446703406212, 1.3035819302238, 6.1276003918127
11100, 47611, 42986, 47653, 40422, 3.55777144432068, 1.84315832800546, 1.48911155174857, 1.84653181131961, 1.30796337058366, 6.48676506165729
11150, 48815, 43974, 48681, 42056, 3.54193544387817, 1.94098065087274, 1.56181715299777, 1.92997935847118, 1.42214435077733, 6.85492151311902
11200, 49439, 44755, 50305, 42997, 3.53137826919556, 1.99258538576528, 1.62042207025014, 2.06522234585963, 1.48991218672518, 7.16814198860024
11250, 50494, 45903, 50505, 42370, 3.52082109451294, 2.08123183323788, 1.70836929858017, 2.08216532875168, 1.44459480106181, 7.31636126163154
11300, 50479, 45913, 51443, 43624, 3.52082109451294, 2.07995919073453, 1.70914477915168, 2.16246377795088, 1.53587768481111, 7.4874454326482
11350, 50755, 45915, 50932, 44093, 3.52082109451294, 2.10343228747852, 1.7092998946772, 2.11854848438563, 1.5706823099551, 7.50196297649645
11400, 49569, 47006, 51858, 43046, 3.52082109451294, 2.00341389657683, 1.79487754613218, 2.19842840823766, 1.49348107486473, 7.4902009258114
11450, 48962, 45505, 50144, 42027, 3.53137826919556, 1.953082002683, 1.67763662617769, 2.05162889002836, 1.42007914562858, 7.10242666451764
11500, 48722, 44675, 49434, 43172, 3.53137826919556, 1.93334239898082, 1.61437321788012, 1.99216943769922, 1.50267638284959, 7.04256143740976
11550, 49264, 44313, 48248, 45316, 3.53665685653687, 1.97805071627071, 1.58713270382347, 1.89462548686822, 1.6631323965612, 7.1229413035236
11600, 45564, 43838, 46122, 41235, 3.54193544387817, 1.68217627085713, 1.55171395255507, 1.7253893259064, 1.36421790244265, 6.32349745176125
11650, 45698, 43084, 44501, 43709, 3.5683286190033, 1.69250761171173, 1.49625150837243, 1.60125300755657, 1.54215879509951, 6.33217092274024
11700, 50148, 48947, 45119, 44021, 3.54193544387817, 2.05196612204094, 1.9518456010175, 1.64807597563351, 1.56531574666479, 7.21720344535674
11750, 49956, 51771, 50068, 44659, 3.50498533248901, 2.03580737866631, 2.19086663275178, 2.04522626312923, 1.61316469964433, 7.88506497419164
11800, 40674, 41171, 50717, 46964, 3.47331380844116, 1.32528199701198, 1.35974946385987, 2.10019339757774, 1.79154761524853, 6.57677247369813
11850, 46089, 43715, 38021, 35057, 3.58416438102722, 1.72281970400538, 1.5426026156665, 1.14831755438836, 0.964781837325813, 5.37852171138605
11900, 41419, 38273, 35648, 32069, 3.61583590507507, 1.37710269587061, 1.16461519696271, 1.00017108776009, 0.79517183745267, 4.33706081804608
11950, 33868, 32419, 44559, 39625, 3.62111449241638, 0.895420385368739, 0.81422985009212, 1.60562092170984, 1.25389119813684, 4.56916235530754
12000, 38160, 34966, 39748, 35146, 3.61055731773376, 1.15729377487844, 0.959386455373637, 1.26216639990779, 0.970072521512152, 4.34891915167203
12050, 44104, 39100, 37399, 35221, 3.61583590507507, 1.57150294892992, 1.21885698735802, 1.10855369413399, 0.974541616188412, 4.87345524661034
12100, 43884, 42964, 48225, 43239, 3.56305003166199, 1.55512781878613, 1.48751088029374, 1.89275591223014, 1.50757659971764, 6.44297121102766
12150, 51367, 48779, 50748, 49009, 3.48387098312378, 2.15590654460121, 1.93802227978668, 2.1028354799312, 1.95695837060486, 8.15372267492394
12200, 0, 0, 0, 0, 3.44164228439331, 0.0248703, 0.0248703, 0.0248703, 0.0248703, 0.0994812
12250, 0, 0, 0, 0, 3.81114363670349, 0.0248703, 0.0248703, 0.0248703, 0.0248703, 0.0994812
12300, 0, 0, 0, 0, 3.81114363670349, 0.0248703, 0.0248703, 0.0248703, 0.0248703, 0.0994812
12350, 0, 0, 0, 0, 3.81114363670349, 0.0248703, 0.0248703, 0.0248703, 0.0248703, 0.0994812
12400, 0, 0, 0, 0, 3.8164222240448, 0.0248703, 0.0248703, 0.0248703, 0.0248703, 0.0994812
12450, 0, 0, 0, 0, 3.81114363670349, 0.0248703, 0.0248703, 0.0248703, 0.0248703, 0.0994812
12500, 0, 0, 0, 0, 3.8164222240448, 0.0248703, 0.0248703, 0.0248703, 0.0248703, 0.0994812
12550, 0, 0, 0, 0, 3.8164222240448, 0.0248703, 0.0248703, 0.0248703, 0.0248703, 0.0994812
12600, 0, 0, 0, 0, 3.8164222240448, 0.0248703, 0.0248703, 0.0248703, 0.0248703, 0.0994812
12650, 0, 0, 0, 0, 3.8164222240448, 0.0248703, 0.0248703, 0.0248703, 0.0248703, 0.0994812
12700, 0, 0, 0, 0, 3.8164222240448, 0.0248703, 0.0248703, 0.0248703, 0.0248703, 0.0994812
12750, 0, 0, 0, 0, 3.8164222240448, 0.0248703, 0.0248703, 0.0248703, 0.0248703, 0.0994812
12800, 0, 0, 0, 0, 3.82170081138611, 0.0248703, 0.0248703, 0.0248703, 0.0248703, 0.0994812
12850, 0, 0, 0, 0, 3.82170081138611, 0.0248703, 0.0248703, 0.0248703, 0.0248703, 0.0994812
12900, 0, 0, 0, 0, 3.82170081138611, 0.0248703, 0.0248703, 0.0248703, 0.0248703, 0.0994812
12950, 0, 0, 0, 0, 3.82170081138611, 0.0248703, 0.0248703, 0.0248703, 0.0248703, 0.0994812
13000, 0, 0, 0, 0, 3.82170081138611, 0.0248703, 0.0248703, 0.0248703, 0.0248703, 0.0994812
13050, 0, 0, 0, 0, 3.82170081138611, 0.0248703, 0.0248703, 0.0248703, 0.0248703, 0.0994812
13100, 0, 0, 0, 0, 3.82170081138611, 0.0248703, 0.0248703, 0.0248703, 0.0248703, 0.0994812
13150, 0, 0, 0, 0, 3.82697939872742, 0.0248703, 0.0248703, 0.0248703, 0.0248703, 0.0994812
13200, 0, 0, 0, 0, 3.82170081138611, 0.0248703, 0.0248703, 0.0248703, 0.0248703, 0.0994812
13250, 0, 0, 0, 0, 3.82170081138611, 0.0248703, 0.0248703, 0.0248703, 0.0248703, 0.0994812
13300, 0, 0, 0, 0, 3.82170081138611, 0.0248703, 0.0248703, 0.0248703, 0.0248703, 0.0994812
13350, 0, 0, 0, 0, 3.82697939872742, 0.0248703, 0.0248703, 0.0248703, 0.0248703, 0.0994812
13400, 0, 0, 0, 0, 3.82697939872742, 0.0248703, 0.0248703, 0.0248703, 0.0248703, 0.0994812
13450, 0, 0, 0, 0, 3.82170081138611, 0.0248703, 0.0248703, 0.0248703, 0.0248703, 0.0994812
13500, 0, 0, 0, 0, 3.82697939872742, 0.0248703, 0.0248703, 0.0248703, 0.0248703, 0.0994812
13550, 0, 0, 0, 0, 3.82697939872742, 0.0248703, 0.0248703, 0.0248703, 0.0248703, 0.0994812
13600, 0, 0, 0, 0, 3.82697939872742, 0.0248703, 0.0248703, 0.0248703, 0.0248703, 0.0994812
13650, 0, 0, 0, 0, 3.82697939872742, 0.0248703, 0.0248703, 0.0248703, 0.0248703, 0.0994812
13700, 0, 0, 0, 0, 3.82697939872742, 0.0248703, 0.0248703, 0.0248703, 0.0248703, 0.0994812
13750, 0, 0, 0, 0, 3.82697939872742, 0.0248703, 0.0248703, 0.0248703, 0.0248703, 0.0994812
13800, 0, 0, 0, 0, 3.82697939872742, 0.0248703, 0.0248703, 0.0248703, 0.0248703, 0.0994812
13850, 0, 0, 0, 0, 3.82697939872742, 0.0248703, 0.0248703, 0.0248703, 0.0248703, 0.0994812
13900, 0, 0, 0, 0, 3.82697939872742, 0.0248703, 0.0248703, 0.0248703, 0.0248703, 0.0994812
13950, 0, 0, 0, 0, 3.82697939872742, 0.0248703, 0.0248703, 0.0248703, 0.0248703, 0.0994812
14000, 0, 0, 0, 0, 3.82697939872742, 0.0248703, 0.0248703, 0.0248703, 0.0248703, 0.0994812
14050, 0, 0, 0, 0, 3.83225798606873, 0.0248703, 0.0248703, 0.0248703, 0.0248703, 0.0994812
14100, 0, 0, 0, 0, 3.82697939872742, 0.0248703, 0.0248703, 0.0248703, 0.0248703, 0.0994812
14150, 0, 0, 0, 0, 3.83225798606873, 0.0248703, 0.0248703, 0.0248703, 0.0248703, 0.0994812
14200, 0, 0, 0, 0, 3.83225798606873, 0.0248703, 0.0248703, 0.0248703, 0.0248703, 0.0994812
14250, 0, 0, 0, 0, 3.82697939872742, 0.0248703, 0.0248703, 0.0248703, 0.0248703, 0.0994812
14300, 0, 0, 0, 0, 3.83225798606873, 0.0248703, 0.0248703, 0.0248703, 0.0248703, 0.0994812
14350, 0, 0, 0, 0, 3.83225798606873, 0.0248703, 0.0248703, 0.0248703, 0.0248703, 0.0994812
14400, 0, 0, 0, 0, 3.83225798606873, 0.0248703, 0.0248703, 0.0248703, 0.0248703, 0.0994812
14450, 0, 0, 0, 0, 3.83225798606873, 0.0248703, 0.0248703, 0.0248703, 0.0248703, 0.0994812
14500, 0, 0, 0, 0, 3.83225798606873, 0.0248703, 0.0248703, 0.0248703, 0.0248703, 0.0994812
14550, 0, 0, 0, 0, 3.83225798606873, 0.0248703, 0.0248703, 0.0248703, 0.0248703, 0.0994812
14600, 0, 0, 0, 0, 3.83225798606873, 0.0248703, 0.0248703, 0.0248703, 0.0248703, 0.0994812
14650, 0, 0, 0, 0, 3.83225798606873, 0.0248703, 0.0248703, 0.0248703, 0.0248703, 0.0994812
14700, 0, 0, 0, 0, 3.83225798606873, 0.0248703, 0.0248703, 0.0248703, 0.0248703, 0.0994812
14750, 0, 0, 0, 0, 3.83225798606873, 0.0248703, 0.0248703, 0.0248703, 0.0248703, 0.0994812
14800, 0, 0, 0, 0, 3.83225798606873, 0.0248703, 0.0248703, 0.0248703, 0.0248703, 0.0994812
14850, 0, 0, 0, 0, 3.83753657341003, 0.0248703, 0.0248703, 0.0248703, 0.0248703, 0.0994812
14900, 0, 0, 0, 0, 3.83225798606873, 0.0248703, 0.0248703, 0.0248703, 0.0248703, 0.0994812
14950, 0, 0, 0, 0, 3.83225798606873, 0.0248703, 0.0248703, 0.0248703, 0.0248703, 0.0994812
15000, 0, 0, 0, 0, 3.83225798606873, 0.0248703, 0.0248703, 0.0248703, 0.0248703, 0.0994812
15050, 0, 0, 0, 0, 3.83753657341003, 0.0248703, 0.0248703, 0.0248703, 0.0248703, 0.0994812
15100, 0, 0, 0, 0, 3.83753657341003, 0.0248703, 0.0248703, 0.0248703, 0.0248703, 0.0994812
15150, 0, 0, 0, 0, 3.83225798606873, 0.0248703, 0.0248703, 0.0248703, 0.0248703, 0.0994812
15200, 0, 0, 0, 0, 3.83225798606873, 0.0248703, 0.0248703, 0.0248703, 0.0248703, 0.0994812
15250, 0, 0, 0, 0, 3.83753657341003, 0.0248703, 0.0248703, 0.0248703, 0.0248703, 0.0994812
