-50.0000E+00,+200E-06,+700E-06
-49.7500E+00,-1.1E-03,-0.0E+00
-49.5000E+00,-300E-06,+0.0E+00
-49.2500E+00,-600E-06,-100E-06
-49.0000E+00,-600E-06,+0.0E+00
-48.7500E+00,-600E-06,+0.0E+00
-48.5000E+00,-600E-06,+0.0E+00
-48.2500E+00,-500E-06,+100E-06
-48.0000E+00,-600E-06,+0.0E+00
-47.7500E+00,-500E-06,+0.0E+00
-47.5000E+00,-600E-06,+0.0E+00
-47.2500E+00,+0.0E+00,+200E-06
-47.0000E+00,-500E-06,+0.0E+00
-46.7500E+00,+0.0E+00,+0.0E+00
-46.5000E+00,-200E-06,+600E-06
-46.2500E+00,+0.0E+00,+0.0E+00
-46.0000E+00,+0.0E+00,+0.0E+00
-45.7500E+00,-200E-06,+0.0E+00
-45.5000E+00,-600E-06,+600E-06
-45.2500E+00,+0.0E+00,+0.0E+00
-45.0000E+00,-200E-06,+0.0E+00
-44.7500E+00,-0.0E+00,+0.0E+00
-44.5000E+00,-600E-06,+200E-06
-44.2500E+00,-100E-06,+0.0E+00
-44.0000E+00,-600E-06,+0.0E+00
-43.7500E+00,+0.0E+00,+0.0E+00
-43.5000E+00,-500E-06,+0.0E+00
-43.2500E+00,-100E-06,+0.0E+00
-43.0000E+00,+24.5E-03,+2.9339E+00
-42.7500E+00,+20.8E-03,+2.9339E+00
-42.5000E+00,-400E-06,+1.0536E+00
-42.2500E+00,-600E-06,+561.5E-03
-42.0000E+00,-0.0E+00,+332.4E-03
-41.7500E+00,-600E-06,+228.8E-03
-41.5000E+00,+0.0E+00,+166.3E-03
-41.2500E+00,+0.0E+00,+139.9E-03
-41.0000E+00,+600E-06,+174.4E-03
-40.7500E+00,+1.0E-03,+240.3E-03
-40.5000E+00,+1.2E-03,+315.8E-03
-40.2500E+00,+1.7E-03,+419.7E-03
-40.0000E+00,+1.3E-03,+502.0E-03
-39.7500E+00,+1.8E-03,+566.2E-03
-39.5000E+00,+2.3E-03,+641.6E-03
-39.2500E+00,+2.8E-03,+701.8E-03
-39.0000E+00,+2.7E-03,+768.4E-03
-38.7500E+00,+2.5E-03,+806.7E-03
-38.5000E+00,+2.8E-03,+844.3E-03
-38.2500E+00,+3.5E-03,+878.3E-03
-38.0000E+00,+3.9E-03,+923.2E-03
-37.7500E+00,+3.9E-03,+969.8E-03
-37.5000E+00,+3.9E-03,+995.9E-03
-37.2500E+00,+4.3E-03,+1.0282E+00
-37.0000E+00,+3.4E-03,+1.1095E+00
-36.7500E+00,+4.5E-03,+1.1326E+00
-36.5000E+00,+4.7E-03,+1.1599E+00
-36.2500E+00,+4.5E-03,+1.1992E+00
-36.0000E+00,+5.6E-03,+1.2144E+00
-35.7500E+00,+5.5E-03,+1.2616E+00
-35.5000E+00,+5.1E-03,+1.3105E+00
-35.2500E+00,+5.6E-03,+1.3416E+00
-35.0000E+00,+6.1E-03,+1.3647E+00
-34.7500E+00,+6.7E-03,+1.3657E+00
-34.5000E+00,+6.8E-03,+1.4270E+00
-34.2500E+00,+6.7E-03,+1.4732E+00
-34.0000E+00,+6.8E-03,+1.4829E+00
-33.7500E+00,+7.1E-03,+1.5252E+00
-33.5000E+00,+7.3E-03,+1.5343E+00
-33.2500E+00,+7.0E-03,+1.5676E+00
-33.0000E+00,+7.5E-03,+1.6123E+00
-32.7500E+00,+7.9E-03,+1.6417E+00
-32.5000E+00,+8.5E-03,+1.6481E+00
-32.2500E+00,+7.9E-03,+1.6954E+00
-32.0000E+00,+8.5E-03,+1.7247E+00
-31.7500E+00,+9.0E-03,+1.7268E+00
-31.5000E+00,+9.0E-03,+1.7591E+00
-31.2500E+00,+9.5E-03,+1.7865E+00
-31.0000E+00,+8.8E-03,+1.8221E+00
-30.7500E+00,+9.7E-03,+1.8419E+00
-30.5000E+00,+9.5E-03,+1.8617E+00
-30.2500E+00,+9.8E-03,+1.8891E+00
-30.0000E+00,+10.0E-03,+1.9141E+00
-29.7500E+00,+10.6E-03,+1.9230E+00
-29.5000E+00,+10.7E-03,+1.9558E+00
-29.2500E+00,+11.2E-03,+1.9623E+00
-29.0000E+00,+11.3E-03,+1.9920E+00
-28.7500E+00,+11.0E-03,+2.0172E+00
-28.5000E+00,+11.3E-03,+2.0581E+00
-28.2500E+00,+10.9E-03,+2.0739E+00
-28.0000E+00,+11.8E-03,+2.1008E+00
-27.7500E+00,+11.8E-03,+2.1285E+00
-27.5000E+00,+11.8E-03,+2.1316E+00
-27.2500E+00,+12.8E-03,+2.1517E+00
-27.0000E+00,+12.4E-03,+2.1914E+00
-26.7500E+00,+12.4E-03,+2.2033E+00
-26.5000E+00,+13.0E-03,+2.2378E+00
-26.2500E+00,+13.0E-03,+2.2555E+00
-26.0000E+00,+13.0E-03,+2.2822E+00
-25.7500E+00,+13.5E-03,+2.3028E+00
-25.5000E+00,+14.1E-03,+2.3269E+00
-25.2500E+00,+14.1E-03,+2.3492E+00
-25.0000E+00,+13.6E-03,+2.3814E+00
-24.7500E+00,+15.2E-03,+2.3933E+00
-24.5000E+00,+14.7E-03,+2.4313E+00
-24.2500E+00,+15.2E-03,+2.4574E+00
-24.0000E+00,+15.1E-03,+2.4692E+00
-23.7500E+00,+15.4E-03,+2.4979E+00
-23.5000E+00,+15.8E-03,+2.5101E+00
-23.2500E+00,+15.8E-03,+2.5375E+00
-23.0000E+00,+16.0E-03,+2.5495E+00
-22.7500E+00,+15.8E-03,+2.5760E+00
-22.5000E+00,+16.1E-03,+2.6011E+00
-22.2500E+00,+16.9E-03,+2.6116E+00
-22.0000E+00,+16.9E-03,+2.6303E+00
-21.7500E+00,+17.2E-03,+2.6480E+00
-21.5000E+00,+16.9E-03,+2.6760E+00
-21.2500E+00,+17.5E-03,+2.6678E+00
-21.0000E+00,+17.2E-03,+2.7105E+00
-20.7500E+00,+17.9E-03,+2.7223E+00
-20.5000E+00,+17.6E-03,+2.7533E+00
-20.2500E+00,+18.9E-03,+2.7628E+00
-20.0000E+00,+18.0E-03,+2.7771E+00
-19.7500E+00,+18.7E-03,+2.8052E+00
-19.5000E+00,+18.8E-03,+2.8182E+00
-19.2500E+00,+18.6E-03,+2.8399E+00
-19.0000E+00,+18.6E-03,+2.8518E+00
-18.7500E+00,+19.2E-03,+2.8626E+00
-18.5000E+00,+19.7E-03,+2.8821E+00
-18.2500E+00,+19.7E-03,+2.8964E+00
-18.0000E+00,+19.5E-03,+2.8980E+00
-17.7500E+00,+19.7E-03,+2.9280E+00
-17.5000E+00,+20.3E-03,+2.9316E+00
-17.2500E+00,+20.3E-03,+2.9415E+00
-17.0000E+00,+19.8E-03,+2.9631E+00
-16.7500E+00,+20.8E-03,+2.9645E+00
-16.5000E+00,+20.8E-03,+2.9860E+00
-16.2500E+00,+20.8E-03,+3.0213E+00
-16.0000E+00,+22.8E-03,+3.1221E+00
-15.7500E+00,-100E-06,+826.1E-03
-15.5000E+00,-600E-06,+475.0E-03
-15.2500E+00,-200E-06,+306.5E-03
-15.0000E+00,+0.0E+00,+210.1E-03
-14.7500E+00,-400E-06,+139.4E-03
-14.5000E+00,-200E-06,+73.3E-03
-14.2500E+00,+0.0E+00,+17.6E-03
-14.0000E+00,-400E-06,-400E-06
-13.7500E+00,+22.9E-03,+2.9427E+00
-13.5000E+00,+21.4E-03,+2.9366E+00
-13.2500E+00,-600E-06,+967.8E-03
-13.0000E+00,+0.0E+00,+525.4E-03
-12.7500E+00,-600E-06,+328.6E-03
-12.5000E+00,-200E-06,+226.9E-03
-12.2500E+00,-600E-06,+158.6E-03
-12.0000E+00,-600E-06,+95.1E-03
-11.7500E+00,+1.4E-03,+209.5E-03
-11.5000E+00,+2.3E-03,+315.1E-03
-11.2500E+00,+1.1E-03,+377.5E-03
-11.0000E+00,+900E-06,+398.9E-03
-10.7500E+00,+2.9E-03,+642.3E-03
-10.5000E+00,+2.4E-03,+756.2E-03
-10.2500E+00,+2.8E-03,+815.7E-03
-10.0000E+00,+2.8E-03,+808.9E-03
-9.7500E+00,+3.9E-03,+1.0142E+00
-9.5000E+00,+4.1E-03,+1.0330E+00
-9.2500E+00,+3.9E-03,+1.0831E+00
-9.0000E+00,+3.9E-03,+1.0609E+00
-8.7500E+00,+6.0E-03,+1.2255E+00
-8.5000E+00,+5.1E-03,+1.2654E+00
-8.2500E+00,+5.1E-03,+1.2937E+00
-8.0000E+00,+5.5E-03,+1.2778E+00
-7.7500E+00,+6.7E-03,+1.4568E+00
-7.5000E+00,+6.5E-03,+1.4945E+00
-7.2500E+00,+6.8E-03,+1.4890E+00
-7.0000E+00,+6.8E-03,+1.4699E+00
-6.7500E+00,+8.2E-03,+1.6469E+00
-6.5000E+00,+8.5E-03,+1.6686E+00
-6.2500E+00,+8.3E-03,+1.6728E+00
-6.0000E+00,+8.2E-03,+1.6802E+00
-5.7500E+00,+9.0E-03,+1.8355E+00
-5.5000E+00,+9.0E-03,+1.8557E+00
-5.2500E+00,+9.2E-03,+1.8381E+00
-5.0000E+00,+9.6E-03,+1.8424E+00
-4.7500E+00,+10.7E-03,+1.9789E+00
-4.5000E+00,+10.7E-03,+1.9940E+00
-4.2500E+00,+10.7E-03,+2.0106E+00
-4.0000E+00,+10.4E-03,+1.9899E+00
-3.7500E+00,+12.4E-03,+2.1403E+00
-3.5000E+00,+12.4E-03,+2.1147E+00
-3.2500E+00,+11.8E-03,+2.1500E+00
-3.0000E+00,+11.8E-03,+2.1539E+00
-2.7500E+00,+13.5E-03,+2.2907E+00
-2.5000E+00,+14.1E-03,+2.2945E+00
-2.2500E+00,+13.1E-03,+2.2965E+00
-2.0000E+00,+13.5E-03,+2.3062E+00
-1.7500E+00,+15.2E-03,+2.4220E+00
-1.5000E+00,+15.2E-03,+2.4271E+00
-1.2500E+00,+15.2E-03,+2.4432E+00
-1.0000E+00,+15.2E-03,+2.4399E+00
-750.0E-03,+16.3E-03,+2.5740E+00
-500.0E-03,+16.5E-03,+2.5919E+00
-250.0E-03,+16.3E-03,+2.5940E+00
+0.0E+00,+16.3E-03,+2.5817E+00
+250.0E-03,+18.0E-03,+2.6914E+00
+500.0E-03,+17.9E-03,+2.7109E+00
+750.0E-03,+17.5E-03,+2.6967E+00
+1.0000E+00,+17.7E-03,+2.7153E+00
+1.2500E+00,+18.7E-03,+2.8020E+00
+1.5000E+00,+18.6E-03,+2.8267E+00
+1.7500E+00,+18.6E-03,+2.8244E+00
+2.0000E+00,+18.6E-03,+2.8237E+00
+2.2500E+00,+20.8E-03,+2.9266E+00
+2.5000E+00,+20.3E-03,+2.9167E+00
+2.7500E+00,+19.7E-03,+2.9157E+00
+3.0000E+00,+19.8E-03,+2.9082E+00
+3.2500E+00,+20.8E-03,+2.9953E+00
+3.5000E+00,+20.9E-03,+3.0309E+00
+3.7500E+00,+21.0E-03,+3.0245E+00
+4.0000E+00,+20.8E-03,+3.0195E+00
+4.2500E+00,+0.0E+00,+1.8327E+00
+4.5000E+00,-600E-06,+787.1E-03
+4.7500E+00,-400E-06,+459.2E-03
+5.0000E+00,-600E-06,+290.4E-03
+5.2500E+00,-200E-06,+201.0E-03
+5.5000E+00,-200E-06,+126.5E-03
+5.7500E+00,+0.0E+00,+68.5E-03
+6.0000E+00,-600E-06,+13.3E-03
+6.2500E+00,-600E-06,+0.0E+00
+6.5000E+00,+21.9E-03,+2.9247E+00
+6.7500E+00,+20.6E-03,+2.9418E+00
+7.0000E+00,-100E-06,+918.3E-03
+7.2500E+00,-100E-06,+501.5E-03
+7.5000E+00,+0.0E+00,+327.8E-03
+7.7500E+00,+0.0E+00,+218.2E-03
+8.0000E+00,-600E-06,+144.8E-03
+8.2500E+00,+600E-06,+82.7E-03
+8.5000E+00,-0.0E+00,+28.3E-03
+8.7500E+00,-600E-06,+0.0E+00
+9.0000E+00,-200E-06,+0.0E+00
+9.2500E+00,+0.0E+00,+0.0E+00
+9.5000E+00,+0.0E+00,+0.0E+00
+9.7500E+00,-600E-06,+0.0E+00
+10.0000E+00,-600E-06,+0.0E+00
+10.2500E+00,-600E-06,-300E-06
+10.5000E+00,-400E-06,+400E-06
+10.7500E+00,-600E-06,+0.0E+00
+11.0000E+00,-300E-06,+0.0E+00
+11.2500E+00,-100E-06,-100E-06
+11.5000E+00,-100E-06,+500E-06
+11.7500E+00,-600E-06,+0.0E+00
+12.0000E+00,-600E-06,+0.0E+00
+12.2500E+00,-100E-06,+400E-06
+12.5000E+00,+1.5E-03,+173.2E-03
+12.7500E+00,+1.1E-03,+291.0E-03
+13.0000E+00,+1.1E-03,+351.3E-03
+13.2500E+00,+800E-06,+406.1E-03
+13.5000E+00,+1.1E-03,+417.6E-03
+13.7500E+00,+1.1E-03,+441.3E-03
+14.0000E+00,+1.1E-03,+434.9E-03
+14.2500E+00,+1.7E-03,+455.9E-03
+14.5000E+00,+800E-06,+445.6E-03
+14.7500E+00,+1.0E-03,+460.9E-03
+15.0000E+00,+1.1E-03,+467.2E-03
+15.2500E+00,+800E-06,+445.9E-03
+15.5000E+00,+600E-06,+462.0E-03
+15.7500E+00,+600E-06,+447.4E-03
+16.0000E+00,+1.1E-03,+462.9E-03
+16.2500E+00,+1.1E-03,+455.7E-03
+16.5000E+00,+1.2E-03,+458.1E-03
+16.7500E+00,+1.1E-03,+456.5E-03
+17.0000E+00,+1.1E-03,+462.4E-03
+17.2500E+00,+1.1E-03,+453.6E-03
+17.5000E+00,+3.2E-03,+657.5E-03
+17.7500E+00,+2.3E-03,+779.7E-03
+18.0000E+00,+3.0E-03,+789.5E-03
+18.2500E+00,+2.8E-03,+819.7E-03
+18.5000E+00,+2.3E-03,+830.4E-03
+18.7500E+00,+3.0E-03,+807.0E-03
+19.0000E+00,+2.7E-03,+830.2E-03
+19.2500E+00,+2.8E-03,+824.1E-03
+19.5000E+00,+2.8E-03,+831.4E-03
+19.7500E+00,+2.3E-03,+825.0E-03
+20.0000E+00,+2.3E-03,+830.5E-03
+20.2500E+00,+2.5E-03,+830.1E-03
+20.5000E+00,+2.4E-03,+830.3E-03
+20.7500E+00,+2.7E-03,+817.3E-03
+21.0000E+00,+2.5E-03,+837.8E-03
+21.2500E+00,+2.7E-03,+809.0E-03
+21.5000E+00,+2.8E-03,+820.7E-03
+21.7500E+00,+2.6E-03,+836.2E-03
+22.0000E+00,+2.3E-03,+832.1E-03
+22.2500E+00,+2.7E-03,+822.6E-03
+22.5000E+00,+3.9E-03,+997.1E-03
+22.7500E+00,+3.4E-03,+1.0515E+00
+23.0000E+00,+3.9E-03,+1.0640E+00
+23.2500E+00,+4.3E-03,+1.0684E+00
+23.5000E+00,+3.9E-03,+1.0852E+00
+23.7500E+00,+3.6E-03,+1.0906E+00
+24.0000E+00,+3.4E-03,+1.0946E+00
+24.2500E+00,+3.9E-03,+1.0845E+00
+24.5000E+00,+3.9E-03,+1.0703E+00
+24.7500E+00,+3.9E-03,+1.0714E+00
+25.0000E+00,+4.4E-03,+1.0622E+00
+25.2500E+00,+3.9E-03,+1.0869E+00
+25.5000E+00,+3.9E-03,+1.0853E+00
+25.7500E+00,+4.5E-03,+1.0767E+00
+26.0000E+00,+3.7E-03,+1.0833E+00
+26.2500E+00,+3.9E-03,+1.0764E+00
+26.5000E+00,+3.9E-03,+1.0835E+00
+26.7500E+00,+3.6E-03,+1.0807E+00
+27.0000E+00,+3.4E-03,+1.0766E+00
+27.2500E+00,+3.9E-03,+1.0731E+00
+27.5000E+00,+5.3E-03,+1.2381E+00
+27.7500E+00,+5.6E-03,+1.2978E+00
+28.0000E+00,+5.1E-03,+1.2854E+00
+28.2500E+00,+5.1E-03,+1.2886E+00
+28.5000E+00,+4.5E-03,+1.2972E+00
+28.7500E+00,+5.3E-03,+1.2901E+00
+29.0000E+00,+5.5E-03,+1.2907E+00
+29.2500E+00,+5.1E-03,+1.3074E+00
+29.5000E+00,+5.3E-03,+1.2851E+00
+29.7500E+00,+5.6E-03,+1.2910E+00
+30.0000E+00,+5.5E-03,+1.2854E+00
+30.2500E+00,+5.4E-03,+1.2990E+00
+30.5000E+00,+5.6E-03,+1.2890E+00
+30.7500E+00,+5.1E-03,+1.2826E+00
+31.0000E+00,+5.3E-03,+1.2947E+00
+31.2500E+00,+5.1E-03,+1.2961E+00
+31.5000E+00,+4.7E-03,+1.2988E+00
+31.7500E+00,+5.1E-03,+1.2949E+00
+32.0000E+00,+5.1E-03,+1.3051E+00
+32.2500E+00,+5.1E-03,+1.3073E+00
+32.5000E+00,+6.8E-03,+1.4555E+00
+32.7500E+00,+6.7E-03,+1.4955E+00
+33.0000E+00,+6.2E-03,+1.5030E+00
+33.2500E+00,+6.8E-03,+1.4832E+00
+33.5000E+00,+6.2E-03,+1.5132E+00
+33.7500E+00,+6.5E-03,+1.5004E+00
+34.0000E+00,+6.7E-03,+1.4966E+00
+34.2500E+00,+6.2E-03,+1.5067E+00
+34.5000E+00,+6.5E-03,+1.4952E+00
+34.7500E+00,+6.8E-03,+1.4949E+00
+35.0000E+00,+6.9E-03,+1.4873E+00
+35.2500E+00,+6.4E-03,+1.5027E+00
+35.5000E+00,+6.2E-03,+1.4878E+00
+35.7500E+00,+6.0E-03,+1.4990E+00
+36.0000E+00,+6.5E-03,+1.4891E+00
+36.2500E+00,+6.7E-03,+1.4857E+00
+36.5000E+00,+6.6E-03,+1.5062E+00
+36.7500E+00,+6.8E-03,+1.4887E+00
+37.0000E+00,+7.3E-03,+1.4741E+00
+37.2500E+00,+6.4E-03,+1.5105E+00
+37.5000E+00,+8.0E-03,+1.6464E+00
+37.7500E+00,+7.8E-03,+1.6842E+00
+38.0000E+00,+8.5E-03,+1.6697E+00
+38.2500E+00,+8.3E-03,+1.6646E+00
+38.5000E+00,+7.9E-03,+1.6865E+00
+38.7500E+00,+7.6E-03,+1.6706E+00
+39.0000E+00,+8.5E-03,+1.6731E+00
+39.2500E+00,+8.3E-03,+1.6617E+00
+39.5000E+00,+8.2E-03,+1.6566E+00
+39.7500E+00,+7.9E-03,+1.6729E+00
+40.0000E+00,+8.0E-03,+1.6725E+00
+40.2500E+00,+7.6E-03,+1.6898E+00
+40.5000E+00,+7.4E-03,+1.6781E+00
+40.7500E+00,+7.5E-03,+1.6896E+00
+41.0000E+00,+7.9E-03,+1.6773E+00
+41.2500E+00,+8.4E-03,+1.6745E+00
+41.5000E+00,+8.3E-03,+1.6693E+00
+41.7500E+00,+8.1E-03,+1.6815E+00
+42.0000E+00,+7.4E-03,+1.6856E+00
+42.2500E+00,+8.5E-03,+1.6677E+00
+42.5000E+00,+9.4E-03,+1.8312E+00
+42.7500E+00,+9.1E-03,+1.8489E+00
+43.0000E+00,+9.3E-03,+1.8456E+00
+43.2500E+00,+9.0E-03,+1.8388E+00
+43.5000E+00,+9.6E-03,+1.8420E+00
+43.7500E+00,+9.3E-03,+1.8392E+00
+44.0000E+00,+9.1E-03,+1.8626E+00
+44.2500E+00,+9.5E-03,+1.8275E+00
+44.5000E+00,+9.3E-03,+1.8357E+00
+44.7500E+00,+9.5E-03,+1.8378E+00
+45.0000E+00,+9.4E-03,+1.8477E+00
+45.2500E+00,+9.2E-03,+1.8456E+00
+45.5000E+00,+9.0E-03,+1.8534E+00
+45.7500E+00,+9.2E-03,+1.8520E+00
+46.0000E+00,+9.4E-03,+1.8405E+00
+46.2500E+00,+9.0E-03,+1.8533E+00
+46.5000E+00,+9.0E-03,+1.8514E+00
+46.7500E+00,+9.4E-03,+1.8281E+00
+47.0000E+00,+9.6E-03,+1.8407E+00
+47.2500E+00,+9.6E-03,+1.8360E+00
+47.5000E+00,+10.7E-03,+1.9896E+00
+47.7500E+00,+10.7E-03,+1.9815E+00
+48.0000E+00,+10.7E-03,+1.9882E+00
+48.2500E+00,+10.6E-03,+1.9990E+00
+48.5000E+00,+10.3E-03,+2.0007E+00
+48.7500E+00,+11.0E-03,+1.9920E+00
+49.0000E+00,+10.2E-03,+1.9963E+00
+49.2500E+00,+10.7E-03,+1.9850E+00
+49.5000E+00,+10.5E-03,+2.0058E+00
+49.7500E+00,+11.3E-03,+1.9828E+00
+50.0000E+00,+10.7E-03,+1.9791E+00
+50.2500E+00,+11.1E-03,+1.9826E+00
+50.5000E+00,+10.7E-03,+1.9905E+00
+50.7500E+00,+10.7E-03,+1.9975E+00
+51.0000E+00,+10.3E-03,+1.9974E+00
+51.2500E+00,+10.1E-03,+1.9962E+00
+51.5000E+00,+10.9E-03,+1.9888E+00
+51.7500E+00,+10.7E-03,+2.0015E+00
+52.0000E+00,+10.7E-03,+1.9911E+00
+52.2500E+00,+10.7E-03,+1.9781E+00
+52.5000E+00,+12.3E-03,+2.1325E+00
+52.7500E+00,+11.8E-03,+2.1396E+00
+53.0000E+00,+12.4E-03,+2.1329E+00
+53.2500E+00,+12.5E-03,+2.1309E+00
+53.5000E+00,+12.3E-03,+2.1295E+00
+53.7500E+00,+12.1E-03,+2.1401E+00
+54.0000E+00,+12.4E-03,+2.1306E+00
+54.2500E+00,+11.8E-03,+2.1396E+00
+54.5000E+00,+12.2E-03,+2.1441E+00
+54.7500E+00,+11.8E-03,+2.1308E+00
+55.0000E+00,+12.4E-03,+2.1329E+00
+55.2500E+00,+12.4E-03,+2.1350E+00
+55.5000E+00,+11.8E-03,+2.1245E+00
+55.7500E+00,+12.1E-03,+2.1238E+00
+56.0000E+00,+12.4E-03,+2.1283E+00
+56.2500E+00,+12.4E-03,+2.1453E+00
+56.5000E+00,+11.8E-03,+2.1391E+00
+56.7500E+00,+12.4E-03,+2.1316E+00
+57.0000E+00,+12.3E-03,+2.1184E+00
+57.2500E+00,+12.4E-03,+2.1280E+00
+57.5000E+00,+13.6E-03,+2.2977E+00
+57.7500E+00,+13.1E-03,+2.2905E+00
+58.0000E+00,+13.8E-03,+2.2768E+00
+58.2500E+00,+13.5E-03,+2.2783E+00
+58.5000E+00,+13.5E-03,+2.2784E+00
+58.7500E+00,+13.5E-03,+2.2742E+00
+59.0000E+00,+13.0E-03,+2.2922E+00
+59.2500E+00,+13.0E-03,+2.2793E+00
+59.5000E+00,+13.5E-03,+2.2834E+00
+59.7500E+00,+13.5E-03,+2.2765E+00
+60.0000E+00,+13.5E-03,+2.2895E+00
+60.2500E+00,+13.4E-03,+2.2842E+00
+60.5000E+00,+13.5E-03,+2.2847E+00
+60.7500E+00,+13.3E-03,+2.2903E+00
+61.0000E+00,+13.4E-03,+2.2770E+00
+61.2500E+00,+13.5E-03,+2.2933E+00
+61.5000E+00,+13.8E-03,+2.2820E+00
+61.7500E+00,+13.5E-03,+2.2872E+00
+62.0000E+00,+13.5E-03,+2.2970E+00
+62.2500E+00,+13.3E-03,+2.2942E+00
+62.5000E+00,+14.7E-03,+2.4301E+00
+62.7500E+00,+14.7E-03,+2.4392E+00
+63.0000E+00,+14.7E-03,+2.4442E+00
+63.2500E+00,+14.7E-03,+2.4359E+00
+63.5000E+00,+15.2E-03,+2.4434E+00
+63.7500E+00,+14.7E-03,+2.4512E+00
+64.0000E+00,+15.2E-03,+2.4442E+00
+64.2500E+00,+14.7E-03,+2.4451E+00
+64.5000E+00,+14.7E-03,+2.4445E+00
+64.7500E+00,+14.7E-03,+2.4445E+00
+65.0000E+00,+15.0E-03,+2.4427E+00
+65.2500E+00,+15.2E-03,+2.4407E+00
+65.5000E+00,+14.7E-03,+2.4519E+00
+65.7500E+00,+14.9E-03,+2.4430E+00
+66.0000E+00,+15.1E-03,+2.4399E+00
+66.2500E+00,+14.7E-03,+2.4400E+00
+66.5000E+00,+15.2E-03,+2.4452E+00
+66.7500E+00,+15.2E-03,+2.4531E+00
+67.0000E+00,+14.8E-03,+2.4500E+00
+67.2500E+00,+14.7E-03,+2.4510E+00
+67.5000E+00,+16.9E-03,+2.5922E+00
+67.7500E+00,+16.3E-03,+2.5971E+00
+68.0000E+00,+16.7E-03,+2.5884E+00
+68.2500E+00,+16.3E-03,+2.5859E+00
+68.5000E+00,+16.5E-03,+2.5872E+00
+68.7500E+00,+16.7E-03,+2.5826E+00
+69.0000E+00,+16.3E-03,+2.5996E+00
+69.2500E+00,+16.3E-03,+2.5929E+00
+69.5000E+00,+16.9E-03,+2.5932E+00
+69.7500E+00,+16.3E-03,+2.5801E+00
+70.0000E+00,+16.0E-03,+2.5950E+00
+70.2500E+00,+16.5E-03,+2.5795E+00
+70.5000E+00,+16.9E-03,+2.5923E+00
+70.7500E+00,+16.6E-03,+2.5856E+00
+71.0000E+00,+16.4E-03,+2.5888E+00
+71.2500E+00,+16.3E-03,+2.5814E+00
+71.5000E+00,+16.6E-03,+2.5756E+00
+71.7500E+00,+15.8E-03,+2.5695E+00
+72.0000E+00,+16.8E-03,+2.5547E+00
+72.2500E+00,+16.1E-03,+2.5816E+00
+72.5000E+00,+18.0E-03,+2.6877E+00
+72.7500E+00,+17.3E-03,+2.7133E+00
+73.0000E+00,+18.0E-03,+2.7137E+00
+73.2500E+00,+17.5E-03,+2.6971E+00
+73.5000E+00,+17.5E-03,+2.7151E+00
+73.7500E+00,+17.5E-03,+2.7001E+00
+74.0000E+00,+18.0E-03,+2.6971E+00
+74.2500E+00,+17.5E-03,+2.7003E+00
+74.5000E+00,+17.6E-03,+2.7086E+00
+74.7500E+00,+17.5E-03,+2.7008E+00
+75.0000E+00,+17.7E-03,+2.7116E+00
+75.2500E+00,+17.6E-03,+2.7003E+00
+75.5000E+00,+17.5E-03,+2.6988E+00
+75.7500E+00,+18.3E-03,+2.7059E+00
+76.0000E+00,+18.0E-03,+2.7001E+00
+76.2500E+00,+17.5E-03,+2.7017E+00
+76.5000E+00,+18.0E-03,+2.7001E+00
+76.7500E+00,+17.5E-03,+2.7083E+00
+77.0000E+00,+18.0E-03,+2.6964E+00
+77.2500E+00,+17.5E-03,+2.7062E+00
+77.5000E+00,+19.2E-03,+2.8189E+00
+77.7500E+00,+18.8E-03,+2.8211E+00
+78.0000E+00,+18.6E-03,+2.8235E+00
+78.2500E+00,+18.6E-03,+2.8361E+00
+78.5000E+00,+18.8E-03,+2.8203E+00
+78.7500E+00,+19.0E-03,+2.8243E+00
+79.0000E+00,+18.6E-03,+2.8218E+00
+79.2500E+00,+18.9E-03,+2.8279E+00
+79.5000E+00,+18.6E-03,+2.8291E+00
+79.7500E+00,+18.5E-03,+2.8314E+00
+80.0000E+00,+19.2E-03,+2.8242E+00
+80.2500E+00,+19.2E-03,+2.8203E+00
+80.5000E+00,+19.6E-03,+2.8268E+00
+80.7500E+00,+19.2E-03,+2.8219E+00
+81.0000E+00,+19.2E-03,+2.8200E+00
+81.2500E+00,+19.0E-03,+2.8183E+00
+81.5000E+00,+19.2E-03,+2.8239E+00
+81.7500E+00,+18.6E-03,+2.8343E+00
+82.0000E+00,+19.2E-03,+2.8238E+00
+82.2500E+00,+18.8E-03,+2.8215E+00
+82.5000E+00,+20.3E-03,+2.9220E+00
+82.7500E+00,+20.7E-03,+2.9162E+00
+83.0000E+00,+20.3E-03,+2.9125E+00
+83.2500E+00,+20.3E-03,+2.9264E+00
+83.5000E+00,+19.7E-03,+2.9205E+00
+83.7500E+00,+20.3E-03,+2.9047E+00
+84.0000E+00,+20.2E-03,+2.9096E+00
+84.2500E+00,+19.7E-03,+2.9069E+00
+84.5000E+00,+19.7E-03,+2.9062E+00
+84.7500E+00,+19.8E-03,+2.8979E+00
+85.0000E+00,+20.3E-03,+2.9140E+00
+85.2500E+00,+20.2E-03,+2.9171E+00
+85.5000E+00,+20.3E-03,+2.9154E+00
+85.7500E+00,+20.3E-03,+2.9192E+00
+86.0000E+00,+20.2E-03,+2.9141E+00
+86.2500E+00,+20.3E-03,+2.9008E+00
+86.5000E+00,+19.9E-03,+2.9123E+00
+86.7500E+00,+19.7E-03,+2.9055E+00
+87.0000E+00,+20.1E-03,+2.9108E+00
+87.2500E+00,+19.7E-03,+2.9100E+00
+87.5000E+00,+21.4E-03,+2.9854E+00
+87.7500E+00,+21.1E-03,+3.0007E+00
+88.0000E+00,+20.8E-03,+2.9915E+00
+88.2500E+00,+20.8E-03,+2.9928E+00
+88.5000E+00,+21.1E-03,+3.0105E+00
+88.7500E+00,+21.3E-03,+3.0025E+00
+89.0000E+00,+21.4E-03,+3.0033E+00
+89.2500E+00,+20.8E-03,+3.0005E+00
+89.5000E+00,+20.9E-03,+3.0070E+00
+89.7500E+00,+21.3E-03,+3.0030E+00
+90.0000E+00,+21.4E-03,+3.0075E+00
+90.2500E+00,+21.4E-03,+3.0052E+00
+90.5000E+00,+21.3E-03,+2.9985E+00
+90.7500E+00,+21.4E-03,+2.9981E+00
+91.0000E+00,+21.4E-03,+3.0053E+00
+91.2500E+00,+21.2E-03,+3.0003E+00
+91.5000E+00,+21.4E-03,+2.9999E+00
+91.7500E+00,+20.8E-03,+2.9899E+00
+92.0000E+00,+21.2E-03,+2.9938E+00
+92.2500E+00,+21.0E-03,+2.9801E+00
+92.5000E+00,+22.6E-03,+3.1065E+00
+92.7500E+00,-900E-06,+769.9E-03
+93.0000E+00,-400E-06,+470.0E-03
+93.2500E+00,-500E-06,+308.9E-03
+93.5000E+00,-300E-06,+197.8E-03
+93.7500E+00,-600E-06,+123.1E-03
+94.0000E+00,-600E-06,+60.8E-03
+94.2500E+00,-300E-06,+3.4E-03
+94.5000E+00,-500E-06,+100E-06
+94.7500E+00,+23.2E-03,+2.9262E+00
+95.0000E+00,+21.2E-03,+2.9347E+00
+95.2500E+00,+0.0E+00,+983.4E-03
+95.5000E+00,-600E-06,+510.8E-03
+95.7500E+00,-600E-06,+332.1E-03
+96.0000E+00,-500E-06,+222.4E-03
+96.2500E+00,+0.0E+00,+134.4E-03
+96.5000E+00,-600E-06,+80.0E-03
+96.7500E+00,-500E-06,+22.1E-03
+97.0000E+00,-300E-06,+200E-06
+97.2500E+00,-600E-06,-400E-06
+97.5000E+00,-500E-06,+0.0E+00
+97.7500E+00,-200E-06,+0.0E+00
+98.0000E+00,-600E-06,+100E-06
+98.2500E+00,-500E-06,+100E-06
+98.5000E+00,-600E-06,+300E-06
+98.7500E+00,-500E-06,-100E-06
+99.0000E+00,-500E-06,+0.0E+00
+99.2500E+00,+0.0E+00,-300E-06
+99.5000E+00,-600E-06,+100E-06
+99.7500E+00,-600E-06,+100E-06
+100.0000E+00,-600E-06,-600E-06
+100.2500E+00,-0.0E+00,+0.0E+00
+100.5000E+00,+0.0E+00,-600E-06
+100.7500E+00,+0.0E+00,+0.0E+00
+101.0000E+00,-600E-06,-0.0E+00
+101.2500E+00,-400E-06,-600E-06
+101.5000E+00,-600E-06,+0.0E+00
+101.7500E+00,-500E-06,+0.0E+00
+102.0000E+00,-600E-06,+0.0E+00
+102.2500E+00,-400E-06,-400E-06
+102.5000E+00,+0.0E+00,+0.0E+00
+102.7500E+00,-300E-06,-300E-06
+103.0000E+00,-500E-06,+500E-06
+103.2500E+00,-600E-06,+0.0E+00
+103.5000E+00,+0.0E+00,+0.0E+00
+103.7500E+00,-100E-06,+0.0E+00
+104.0000E+00,-100E-06,+0.0E+00
+104.2500E+00,-600E-06,-300E-06
+104.5000E+00,-600E-06,+500E-06
+104.7500E+00,-600E-06,+0.0E+00
+105.0000E+00,-600E-06,+0.0E+00
+105.2500E+00,-600E-06,+0.0E+00
+105.5000E+00,-600E-06,+200E-06
+105.7500E+00,+8.8E-03,+891.9E-03
+106.0000E+00,+5.6E-03,+1.1927E+00
+106.2500E+00,+5.6E-03,+1.2462E+00
+106.5000E+00,+5.2E-03,+1.2550E+00
+106.7500E+00,+5.6E-03,+1.2546E+00
+107.0000E+00,+5.6E-03,+1.2528E+00
+107.2500E+00,+5.2E-03,+1.2643E+00
+107.5000E+00,+5.6E-03,+1.2624E+00
+107.7500E+00,+5.4E-03,+1.2757E+00
+108.0000E+00,+5.6E-03,+1.2726E+00
+108.2500E+00,+5.2E-03,+1.2716E+00
+108.5000E+00,+5.1E-03,+1.2795E+00
+108.7500E+00,+5.1E-03,+1.2716E+00
+109.0000E+00,+5.2E-03,+1.2763E+00
+109.2500E+00,+5.6E-03,+1.2601E+00
+109.5000E+00,+5.6E-03,+1.2655E+00
+109.7500E+00,+5.6E-03,+1.2645E+00
+110.0000E+00,+5.3E-03,+1.2724E+00
+110.2500E+00,+5.6E-03,+1.2631E+00
+110.5000E+00,+4.7E-03,+1.2822E+00
+110.7500E+00,+5.6E-03,+1.2650E+00
+111.0000E+00,+5.1E-03,+1.2728E+00
+111.2500E+00,+5.4E-03,+1.2886E+00
+111.5000E+00,+5.6E-03,+1.2901E+00
+111.7500E+00,+5.1E-03,+1.2648E+00
+112.0000E+00,+5.3E-03,+1.2835E+00
+112.2500E+00,+5.0E-03,+1.2804E+00
+112.5000E+00,+5.1E-03,+1.2919E+00
+112.7500E+00,+5.1E-03,+1.2809E+00
+113.0000E+00,+5.1E-03,+1.2872E+00
+113.2500E+00,+5.1E-03,+1.2873E+00
+113.5000E+00,+5.3E-03,+1.2736E+00
+113.7500E+00,+5.6E-03,+1.2716E+00
+114.0000E+00,+5.1E-03,+1.2865E+00
+114.2500E+00,+5.1E-03,+1.2860E+00
+114.5000E+00,+5.1E-03,+1.2832E+00
+114.7500E+00,+5.1E-03,+1.2715E+00
+115.0000E+00,+5.2E-03,+1.2633E+00
+115.2500E+00,+5.6E-03,+1.2686E+00
+115.5000E+00,+4.9E-03,+1.2931E+00
+115.7500E+00,+12.0E-03,+1.9056E+00
+116.0000E+00,+10.8E-03,+1.9849E+00
+116.2500E+00,+10.7E-03,+1.9794E+00
+116.5000E+00,+10.7E-03,+1.9784E+00
+116.7500E+00,+10.7E-03,+1.9740E+00
+117.0000E+00,+10.7E-03,+1.9924E+00
+117.2500E+00,+10.7E-03,+1.9773E+00
+117.5000E+00,+10.7E-03,+1.9870E+00
+117.7500E+00,+10.5E-03,+1.9840E+00
+118.0000E+00,+10.7E-03,+1.9930E+00
+118.2500E+00,+10.6E-03,+1.9795E+00
+118.5000E+00,+10.7E-03,+1.9918E+00
+118.7500E+00,+10.7E-03,+1.9725E+00
+119.0000E+00,+11.1E-03,+1.9711E+00
+119.2500E+00,+11.3E-03,+1.9761E+00
+119.5000E+00,+10.7E-03,+1.9863E+00
+119.7500E+00,+10.7E-03,+1.9917E+00
+120.0000E+00,+10.7E-03,+1.9915E+00
+120.2500E+00,+11.2E-03,+1.9878E+00
+120.5000E+00,+10.7E-03,+1.9831E+00
+120.7500E+00,+10.8E-03,+1.9885E+00
+121.0000E+00,+11.3E-03,+1.9871E+00
+121.2500E+00,+11.0E-03,+1.9916E+00
+121.5000E+00,+11.2E-03,+1.9841E+00
+121.7500E+00,+10.7E-03,+1.9856E+00
+122.0000E+00,+11.0E-03,+1.9941E+00
+122.2500E+00,+10.7E-03,+1.9890E+00
+122.5000E+00,+11.3E-03,+1.9808E+00
+122.7500E+00,+10.7E-03,+1.9969E+00
+123.0000E+00,+10.7E-03,+2.0049E+00
+123.2500E+00,+11.3E-03,+1.9838E+00
+123.5000E+00,+10.7E-03,+1.9957E+00
+123.7500E+00,+10.7E-03,+2.0039E+00
+124.0000E+00,+10.9E-03,+1.9909E+00
+124.2500E+00,+10.1E-03,+1.9931E+00
+124.5000E+00,+10.7E-03,+1.9961E+00
+124.7500E+00,+11.0E-03,+1.9895E+00
+125.0000E+00,+10.3E-03,+1.9917E+00
+125.2500E+00,+10.8E-03,+1.9887E+00
+125.5000E+00,+10.7E-03,+1.9939E+00
+125.7500E+00,+17.5E-03,+2.5721E+00
+126.0000E+00,+15.9E-03,+2.5819E+00
+126.2500E+00,+16.3E-03,+2.5887E+00
+126.5000E+00,+16.9E-03,+2.5864E+00
+126.7500E+00,+16.2E-03,+2.5849E+00
+127.0000E+00,+16.3E-03,+2.5799E+00
+127.2500E+00,+16.4E-03,+2.5856E+00
+127.5000E+00,+15.9E-03,+2.5692E+00
+127.7500E+00,+16.3E-03,+2.5767E+00
+128.0000E+00,+16.3E-03,+2.5884E+00
+128.2500E+00,+16.0E-03,+2.5761E+00
+128.5000E+00,+16.7E-03,+2.5761E+00
+128.7500E+00,+16.3E-03,+2.5782E+00
+129.0000E+00,+16.3E-03,+2.5768E+00
+129.2500E+00,+16.3E-03,+2.5777E+00
+129.5000E+00,+16.3E-03,+2.5916E+00
+129.7500E+00,+16.3E-03,+2.5828E+00
+130.0000E+00,+16.3E-03,+2.5667E+00
+130.2500E+00,+16.3E-03,+2.5898E+00
+130.5000E+00,+16.1E-03,+2.5909E+00
+130.7500E+00,+16.8E-03,+2.5732E+00
+131.0000E+00,+15.8E-03,+2.5819E+00
+131.2500E+00,+16.6E-03,+2.5839E+00
+131.5000E+00,+16.3E-03,+2.5925E+00
+131.7500E+00,+16.2E-03,+2.5684E+00
+132.0000E+00,+16.0E-03,+2.5777E+00
+132.2500E+00,+16.3E-03,+2.5788E+00
+132.5000E+00,+16.7E-03,+2.5954E+00
+132.7500E+00,+16.0E-03,+2.5797E+00
+133.0000E+00,+16.3E-03,+2.5862E+00
+133.2500E+00,+16.3E-03,+2.5856E+00
+133.5000E+00,+16.3E-03,+2.5819E+00
+133.7500E+00,+16.3E-03,+2.5795E+00
+134.0000E+00,+16.7E-03,+2.5786E+00
+134.2500E+00,+16.9E-03,+2.5823E+00
+134.5000E+00,+16.9E-03,+2.5862E+00
+134.7500E+00,+16.6E-03,+2.5810E+00
+135.0000E+00,+16.3E-03,+2.5816E+00
+135.2500E+00,+16.3E-03,+2.5876E+00
+135.5000E+00,+16.3E-03,+2.5721E+00
+135.7500E+00,+22.0E-03,+3.0108E+00
+136.0000E+00,+20.3E-03,+2.9973E+00
+136.2500E+00,+21.2E-03,+2.9965E+00
+136.5000E+00,+20.8E-03,+2.9763E+00
+136.7500E+00,+20.7E-03,+2.9953E+00
+137.0000E+00,+21.2E-03,+2.9916E+00
+137.2500E+00,+20.8E-03,+2.9949E+00
+137.5000E+00,+20.8E-03,+3.0022E+00
+137.7500E+00,+21.2E-03,+2.9919E+00
+138.0000E+00,+20.9E-03,+2.9871E+00
+138.2500E+00,+20.8E-03,+3.0038E+00
+138.5000E+00,+20.8E-03,+3.0014E+00
+138.7500E+00,+20.9E-03,+2.9959E+00
+139.0000E+00,+21.1E-03,+2.9936E+00
+139.2500E+00,+20.8E-03,+2.9930E+00
+139.5000E+00,+21.3E-03,+2.9866E+00
+139.7500E+00,+20.3E-03,+3.0084E+00
+140.0000E+00,+21.3E-03,+2.9949E+00
+140.2500E+00,+20.8E-03,+2.9900E+00
+140.5000E+00,+20.5E-03,+3.0053E+00
+140.7500E+00,+20.8E-03,+2.9887E+00
+141.0000E+00,+20.4E-03,+2.9893E+00
+141.2500E+00,+20.8E-03,+2.9981E+00
+141.5000E+00,+21.4E-03,+3.0076E+00
+141.7500E+00,+20.8E-03,+3.0061E+00
+142.0000E+00,+21.0E-03,+3.0052E+00
+142.2500E+00,+20.8E-03,+2.9894E+00
+142.5000E+00,+20.8E-03,+2.9794E+00
+142.7500E+00,+20.5E-03,+3.0001E+00
+143.0000E+00,+21.4E-03,+2.9966E+00
+143.2500E+00,+20.8E-03,+2.9909E+00
+143.5000E+00,+20.8E-03,+2.9838E+00
+143.7500E+00,+20.8E-03,+2.9938E+00
+144.0000E+00,+21.2E-03,+2.9936E+00
+144.2500E+00,+20.8E-03,+2.9943E+00
+144.5000E+00,+20.9E-03,+2.9911E+00
+144.7500E+00,+21.1E-03,+2.9897E+00
+145.0000E+00,+20.8E-03,+2.9898E+00
+145.2500E+00,+21.4E-03,+2.9902E+00
+145.5000E+00,+21.4E-03,+2.9924E+00
+145.7500E+00,-600E-06,+1.7679E+00
+146.0000E+00,+0.0E+00,+763.3E-03
+146.2500E+00,-200E-06,+459.3E-03
+146.5000E+00,-0.0E+00,+293.0E-03
+146.7500E+00,-400E-06,+202.4E-03
+147.0000E+00,-200E-06,+119.5E-03
+147.2500E+00,-500E-06,+60.0E-03
+147.5000E+00,-200E-06,+200E-06
+147.7500E+00,-100E-06,+0.0E+00
+148.0000E+00,+23.1E-03,+2.9365E+00
+148.2500E+00,+20.8E-03,+2.9435E+00
+148.5000E+00,-100E-06,+927.9E-03
+148.7500E+00,-600E-06,+520.7E-03
+149.0000E+00,-600E-06,+333.2E-03
+149.2500E+00,+0.0E+00,+212.5E-03
+149.5000E+00,+0.0E+00,+135.7E-03
+149.7500E+00,-600E-06,+72.8E-03
+150.0000E+00,-600E-06,+16.5E-03
+150.2500E+00,-600E-06,+100E-06
+150.5000E+00,-200E-06,+300E-06
+150.7500E+00,-600E-06,+500E-06
+151.0000E+00,-600E-06,+200E-06
+151.2500E+00,-400E-06,+0.0E+00
+151.5000E+00,-600E-06,+0.0E+00
+151.7500E+00,-400E-06,+0.0E+00
+152.0000E+00,-200E-06,+0.0E+00
+152.2500E+00,-600E-06,+0.0E+00
+152.5000E+00,-600E-06,-200E-06
+152.7500E+00,+0.0E+00,+0.0E+00
+153.0000E+00,+0.0E+00,+0.0E+00
+153.2500E+00,-300E-06,+0.0E+00
+153.5000E+00,-600E-06,-100E-06
+153.7500E+00,-500E-06,+0.0E+00
+154.0000E+00,-600E-06,+0.0E+00
+154.2500E+00,-500E-06,+0.0E+00
+154.5000E+00,-400E-06,+400E-06
+154.7500E+00,-300E-06,-200E-06
+155.0000E+00,-600E-06,+500E-06
+155.2500E+00,-400E-06,+0.0E+00
+155.5000E+00,-600E-06,+0.0E+00
+155.7500E+00,-600E-06,+0.0E+00
+156.0000E+00,-400E-06,+0.0E+00
+156.2500E+00,-400E-06,+600E-06
+156.5000E+00,-600E-06,+0.0E+00
+156.7500E+00,-200E-06,+0.0E+00
+157.0000E+00,-400E-06,+0.0E+00
+157.2500E+00,-100E-06,+0.0E+00
+157.5000E+00,-300E-06,+0.0E+00
+157.7500E+00,-100E-06,+0.0E+00
+158.0000E+00,-500E-06,+0.0E+00
+158.2500E+00,-600E-06,+300E-06
+158.5000E+00,-600E-06,+0.0E+00
+158.7500E+00,-400E-06,+0.0E+00
+159.0000E+00,-300E-06,+0.0E+00
+159.2500E+00,-100E-06,+500E-06
+159.5000E+00,-400E-06,-600E-06
+159.7500E+00,-600E-06,+200E-06
+160.0000E+00,-0.0E+00,+0.0E+00
+160.2500E+00,-600E-06,+400E-06
+160.5000E+00,+0.0E+00,+0.0E+00
+160.7500E+00,-0.0E+00,+0.0E+00
+161.0000E+00,-400E-06,+0.0E+00
+161.2500E+00,-400E-06,+0.0E+00
+161.5000E+00,-600E-06,-600E-06
+161.7500E+00,-600E-06,+0.0E+00
+162.0000E+00,-600E-06,-400E-06
+162.2500E+00,+0.0E+00,-500E-06
+162.5000E+00,-300E-06,+600E-06
+162.7500E+00,-500E-06,+0.0E+00
+163.0000E+00,+600E-06,+0.0E+00
+163.2500E+00,-300E-06,+0.0E+00
+163.5000E+00,+0.0E+00,+500E-06
+163.7500E+00,-100E-06,+100E-06
+164.0000E+00,-600E-06,+0.0E+00
+164.2500E+00,-600E-06,+0.0E+00
+164.5000E+00,-200E-06,+0.0E+00
+164.7500E+00,-400E-06,-400E-06
+165.0000E+00,-600E-06,+0.0E+00
+165.2500E+00,+0.0E+00,-200E-06
+165.5000E+00,-400E-06,+0.0E+00
+165.7500E+00,-0.0E+00,+0.0E+00
+166.0000E+00,-600E-06,-200E-06
+166.2500E+00,-600E-06,+600E-06
+166.5000E+00,+0.0E+00,-500E-06
+166.7500E+00,-300E-06,+0.0E+00
+167.0000E+00,-600E-06,+0.0E+00
+167.2500E+00,-100E-06,+0.0E+00
+167.5000E+00,-600E-06,+300E-06
+167.7500E+00,+0.0E+00,+0.0E+00
+168.0000E+00,-100E-06,+100E-06
+168.2500E+00,-200E-06,+300E-06
+168.5000E+00,-100E-06,+0.0E+00
+168.7500E+00,-600E-06,+0.0E+00
+169.0000E+00,-600E-06,+0.0E+00
+169.2500E+00,-0.0E+00,+0.0E+00
+169.5000E+00,-600E-06,+0.0E+00
+169.7500E+00,-600E-06,+0.0E+00
+170.0000E+00,-600E-06,+0.0E+00
+170.2500E+00,-400E-06,-400E-06
+170.5000E+00,-1.1E-03,+200E-06
+170.7500E+00,-600E-06,+600E-06
+171.0000E+00,+200E-06,+0.0E+00
+171.2500E+00,-400E-06,+100E-06
+171.5000E+00,-500E-06,-500E-06
+171.7500E+00,-300E-06,+600E-06
+172.0000E+00,-600E-06,+500E-06
+172.2500E+00,-600E-06,+0.0E+00
+172.5000E+00,-300E-06,-300E-06
+172.7500E+00,-600E-06,+0.0E+00
+173.0000E+00,-1.1E-03,+0.0E+00
+173.2500E+00,-200E-06,+0.0E+00
+173.5000E+00,-0.0E+00,-500E-06
+173.7500E+00,-400E-06,+200E-06
+174.0000E+00,-400E-06,-400E-06
+174.2500E+00,-600E-06,+600E-06
+174.5000E+00,-400E-06,+0.0E+00
+174.7500E+00,-400E-06,+0.0E+00
+175.0000E+00,-600E-06,+0.0E+00
+175.2500E+00,-200E-06,+0.0E+00
+175.5000E+00,-400E-06,+0.0E+00
+175.7500E+00,+0.0E+00,+500E-06
+176.0000E+00,-300E-06,+300E-06
+176.2500E+00,-600E-06,+0.0E+00
+176.5000E+00,-100E-06,+500E-06
+176.7500E+00,-0.0E+00,+0.0E+00
+177.0000E+00,-600E-06,+0.0E+00
+177.2500E+00,-100E-06,+0.0E+00
+177.5000E+00,-300E-06,+0.0E+00
+177.7500E+00,-600E-06,+0.0E+00
+178.0000E+00,-600E-06,-400E-06
+178.2500E+00,-200E-06,+0.0E+00
+178.5000E+00,-0.0E+00,+0.0E+00
+178.7500E+00,-600E-06,-200E-06
+179.0000E+00,+7.9E-03,+917.9E-03
+179.2500E+00,+6.8E-03,+1.1918E+00
+179.5000E+00,+5.8E-03,+1.2504E+00
+179.7500E+00,+6.2E-03,+1.2462E+00
+180.0000E+00,+5.6E-03,+1.2634E+00
+180.2500E+00,+6.0E-03,+1.2564E+00
+180.5000E+00,+5.6E-03,+1.2654E+00
+180.7500E+00,+5.6E-03,+1.2798E+00
+181.0000E+00,+5.3E-03,+1.2739E+00
+181.2500E+00,+5.5E-03,+1.2779E+00
+181.5000E+00,+5.2E-03,+1.2766E+00
+181.7500E+00,+5.6E-03,+1.2636E+00
+182.0000E+00,+5.6E-03,+1.2646E+00
+182.2500E+00,+5.6E-03,+1.2708E+00
+182.5000E+00,+5.6E-03,+1.2694E+00
+182.7500E+00,+5.6E-03,+1.2844E+00
+183.0000E+00,+5.6E-03,+1.2565E+00
+183.2500E+00,+5.4E-03,+1.2729E+00
+183.5000E+00,+5.1E-03,+1.2996E+00
+183.7500E+00,+5.4E-03,+1.2713E+00
+184.0000E+00,+5.6E-03,+1.2789E+00
+184.2500E+00,+5.1E-03,+1.3033E+00
+184.5000E+00,+5.3E-03,+1.2710E+00
+184.7500E+00,+5.8E-03,+1.2812E+00
+185.0000E+00,+5.6E-03,+1.2801E+00
+185.2500E+00,+5.6E-03,+1.2627E+00
+185.5000E+00,+5.2E-03,+1.2752E+00
+185.7500E+00,+5.1E-03,+1.2897E+00
+186.0000E+00,+5.6E-03,+1.2779E+00
+186.2500E+00,+5.5E-03,+1.2767E+00
+186.5000E+00,+5.1E-03,+1.2926E+00
+186.7500E+00,+5.1E-03,+1.2887E+00
+187.0000E+00,+5.6E-03,+1.2799E+00
+187.2500E+00,+5.2E-03,+1.2782E+00
+187.5000E+00,+5.6E-03,+1.2718E+00
+187.7500E+00,+5.6E-03,+1.2989E+00
+188.0000E+00,+5.5E-03,+1.2989E+00
+188.2500E+00,+4.7E-03,+1.2911E+00
+188.5000E+00,+5.1E-03,+1.2899E+00
+188.7500E+00,+4.7E-03,+1.2863E+00
+189.0000E+00,+5.1E-03,+1.2997E+00
+189.2500E+00,+5.1E-03,+1.2756E+00
+189.5000E+00,+4.8E-03,+1.2950E+00
+189.7500E+00,+5.5E-03,+1.2871E+00
+190.0000E+00,+5.6E-03,+1.2829E+00
+190.2500E+00,+5.1E-03,+1.2994E+00
+190.5000E+00,+5.5E-03,+1.2805E+00
+190.7500E+00,+5.1E-03,+1.2959E+00
+191.0000E+00,+5.1E-03,+1.2898E+00
+191.2500E+00,+5.1E-03,+1.3006E+00
+191.5000E+00,+5.5E-03,+1.2902E+00
+191.7500E+00,+5.1E-03,+1.2862E+00
+192.0000E+00,+5.6E-03,+1.3017E+00
+192.2500E+00,+5.5E-03,+1.2612E+00
+192.5000E+00,+5.6E-03,+1.2762E+00
+192.7500E+00,+5.6E-03,+1.2779E+00
+193.0000E+00,+5.1E-03,+1.2973E+00
+193.2500E+00,+5.6E-03,+1.2680E+00
+193.5000E+00,+5.6E-03,+1.2780E+00
+193.7500E+00,+5.1E-03,+1.2937E+00
+194.0000E+00,+5.5E-03,+1.2813E+00
+194.2500E+00,+4.5E-03,+1.3089E+00
+194.5000E+00,+5.1E-03,+1.2901E+00
+194.7500E+00,+4.6E-03,+1.3064E+00
+195.0000E+00,+5.2E-03,+1.2813E+00
+195.2500E+00,+5.4E-03,+1.2881E+00
+195.5000E+00,+5.1E-03,+1.2921E+00
+195.7500E+00,+5.1E-03,+1.2843E+00
+196.0000E+00,+5.1E-03,+1.2974E+00
+196.2500E+00,+5.6E-03,+1.2811E+00
+196.5000E+00,+5.1E-03,+1.2838E+00
+196.7500E+00,+5.1E-03,+1.2822E+00
+197.0000E+00,+4.5E-03,+1.3014E+00
+197.2500E+00,+5.1E-03,+1.2934E+00
+197.5000E+00,+5.2E-03,+1.2754E+00
+197.7500E+00,+5.1E-03,+1.2958E+00
+198.0000E+00,+5.1E-03,+1.2739E+00
+198.2500E+00,+4.9E-03,+1.2807E+00
+198.5000E+00,+5.1E-03,+1.2929E+00
+198.7500E+00,+5.3E-03,+1.2885E+00
+199.0000E+00,+5.1E-03,+1.2948E+00
+199.2500E+00,+5.1E-03,+1.2828E+00
+199.5000E+00,+5.1E-03,+1.2909E+00
+199.7500E+00,+5.5E-03,+1.2620E+00
+200.0000E+00,+5.6E-03,+1.2717E+00
+200.2500E+00,+5.1E-03,+1.2789E+00
+200.5000E+00,+5.1E-03,+1.3004E+00
+200.7500E+00,+5.2E-03,+1.2681E+00
+201.0000E+00,+4.8E-03,+1.2959E+00
+201.2500E+00,+5.6E-03,+1.2733E+00
+201.5000E+00,+4.9E-03,+1.2872E+00
+201.7500E+00,+5.4E-03,+1.2905E+00
+202.0000E+00,+5.6E-03,+1.2722E+00
+202.2500E+00,+5.8E-03,+1.2786E+00
+202.5000E+00,+5.1E-03,+1.2730E+00
+202.7500E+00,+5.1E-03,+1.2934E+00
+203.0000E+00,+5.9E-03,+1.2726E+00
+203.2500E+00,+5.1E-03,+1.2909E+00
+203.5000E+00,+5.6E-03,+1.2755E+00
+203.7500E+00,+5.9E-03,+1.2738E+00
+204.0000E+00,+5.6E-03,+1.2924E+00
+204.2500E+00,+5.1E-03,+1.2988E+00
+204.5000E+00,+5.1E-03,+1.2967E+00
+204.7500E+00,+5.1E-03,+1.2772E+00
+205.0000E+00,+5.2E-03,+1.2949E+00
+205.2500E+00,+5.1E-03,+1.2736E+00
+205.5000E+00,+5.1E-03,+1.2905E+00
+205.7500E+00,+5.1E-03,+1.2929E+00
+206.0000E+00,+5.1E-03,+1.2966E+00
+206.2500E+00,+5.1E-03,+1.2712E+00
+206.5000E+00,+5.1E-03,+1.2917E+00
+206.7500E+00,+5.1E-03,+1.2931E+00
+207.0000E+00,+5.6E-03,+1.2580E+00
+207.2500E+00,+5.3E-03,+1.2920E+00
+207.5000E+00,+5.1E-03,+1.2941E+00
+207.7500E+00,+5.0E-03,+1.3089E+00
+208.0000E+00,+5.4E-03,+1.2902E+00
+208.2500E+00,+5.1E-03,+1.2948E+00
+208.5000E+00,+5.1E-03,+1.2899E+00
+208.7500E+00,+5.1E-03,+1.2949E+00
+209.0000E+00,+11.9E-03,+1.9179E+00
+209.2500E+00,+11.4E-03,+1.9703E+00
+209.5000E+00,+11.3E-03,+1.9669E+00
+209.7500E+00,+11.3E-03,+1.9724E+00
+210.0000E+00,+11.0E-03,+1.9797E+00
+210.2500E+00,+11.3E-03,+1.9731E+00
+210.5000E+00,+10.2E-03,+1.9871E+00
+210.7500E+00,+11.1E-03,+1.9759E+00
+211.0000E+00,+11.3E-03,+1.9771E+00
+211.2500E+00,+11.3E-03,+1.9873E+00
+211.5000E+00,+10.7E-03,+1.9841E+00
+211.7500E+00,+11.1E-03,+1.9851E+00
+212.0000E+00,+10.7E-03,+1.9744E+00
+212.2500E+00,+10.7E-03,+1.9861E+00
+212.5000E+00,+10.8E-03,+1.9886E+00
+212.7500E+00,+10.6E-03,+1.9951E+00
+213.0000E+00,+11.0E-03,+1.9805E+00
+213.2500E+00,+10.8E-03,+1.9917E+00
+213.5000E+00,+10.8E-03,+1.9806E+00
+213.7500E+00,+11.0E-03,+1.9823E+00
+214.0000E+00,+10.7E-03,+1.9876E+00
+214.2500E+00,+11.1E-03,+1.9961E+00
+214.5000E+00,+10.7E-03,+1.9877E+00
+214.7500E+00,+11.2E-03,+1.9850E+00
+215.0000E+00,+10.7E-03,+1.9958E+00
+215.2500E+00,+11.3E-03,+1.9937E+00
+215.5000E+00,+11.3E-03,+1.9921E+00
+215.7500E+00,+10.9E-03,+1.9814E+00
+216.0000E+00,+10.7E-03,+1.9931E+00
+216.2500E+00,+10.7E-03,+1.9815E+00
+216.5000E+00,+10.7E-03,+1.9915E+00
+216.7500E+00,+10.7E-03,+1.9885E+00
+217.0000E+00,+10.7E-03,+1.9877E+00
+217.2500E+00,+11.3E-03,+1.9756E+00
+217.5000E+00,+10.7E-03,+1.9940E+00
+217.7500E+00,+11.2E-03,+1.9887E+00
+218.0000E+00,+10.7E-03,+1.9876E+00
+218.2500E+00,+10.7E-03,+1.9794E+00
+218.5000E+00,+11.2E-03,+1.9905E+00
+218.7500E+00,+10.7E-03,+2.0020E+00
+219.0000E+00,+10.7E-03,+1.9718E+00
+219.2500E+00,+10.3E-03,+2.0027E+00
+219.5000E+00,+10.7E-03,+1.9824E+00
+219.7500E+00,+10.7E-03,+1.9760E+00
+220.0000E+00,+10.7E-03,+1.9863E+00
+220.2500E+00,+10.7E-03,+1.9818E+00
+220.5000E+00,+10.1E-03,+1.9954E+00
+220.7500E+00,+10.7E-03,+1.9857E+00
+221.0000E+00,+10.7E-03,+1.9807E+00
+221.2500E+00,+10.7E-03,+1.9782E+00
+221.5000E+00,+10.7E-03,+1.9900E+00
+221.7500E+00,+10.7E-03,+1.9886E+00
+222.0000E+00,+10.7E-03,+1.9770E+00
+222.2500E+00,+11.0E-03,+1.9703E+00
+222.5000E+00,+10.7E-03,+1.9681E+00
+222.7500E+00,+10.7E-03,+1.9835E+00
+223.0000E+00,+10.7E-03,+1.9845E+00
+223.2500E+00,+10.7E-03,+1.9915E+00
+223.5000E+00,+10.7E-03,+1.9835E+00
+223.7500E+00,+10.9E-03,+1.9767E+00
+224.0000E+00,+10.7E-03,+1.9938E+00
+224.2500E+00,+10.5E-03,+1.9917E+00
+224.5000E+00,+10.9E-03,+1.9716E+00
+224.7500E+00,+10.7E-03,+1.9741E+00
+225.0000E+00,+10.7E-03,+1.9958E+00
+225.2500E+00,+10.3E-03,+2.0008E+00
+225.5000E+00,+10.7E-03,+1.9902E+00
+225.7500E+00,+10.5E-03,+1.9930E+00
+226.0000E+00,+10.7E-03,+1.9808E+00
+226.2500E+00,+10.8E-03,+1.9706E+00
+226.5000E+00,+11.0E-03,+1.9812E+00
+226.7500E+00,+10.7E-03,+1.9878E+00
+227.0000E+00,+10.7E-03,+1.9890E+00
+227.2500E+00,+10.7E-03,+1.9827E+00
+227.5000E+00,+10.6E-03,+1.9858E+00
+227.7500E+00,+10.3E-03,+1.9970E+00
+228.0000E+00,+10.7E-03,+1.9850E+00
+228.2500E+00,+10.7E-03,+1.9885E+00
+228.5000E+00,+10.3E-03,+1.9849E+00
+228.7500E+00,+10.4E-03,+1.9893E+00
+229.0000E+00,+10.7E-03,+1.9734E+00
+229.2500E+00,+10.7E-03,+1.9687E+00
+229.5000E+00,+10.3E-03,+1.9948E+00
+229.7500E+00,+10.7E-03,+1.9819E+00
+230.0000E+00,+10.7E-03,+1.9863E+00
+230.2500E+00,+10.7E-03,+1.9777E+00
+230.5000E+00,+10.7E-03,+1.9950E+00
+230.7500E+00,+10.1E-03,+1.9850E+00
+231.0000E+00,+10.7E-03,+1.9807E+00
+231.2500E+00,+10.2E-03,+1.9908E+00
+231.5000E+00,+10.1E-03,+1.9983E+00
+231.7500E+00,+10.1E-03,+2.0018E+00
+232.0000E+00,+10.1E-03,+1.9960E+00
+232.2500E+00,+10.7E-03,+1.9871E+00
+232.5000E+00,+10.2E-03,+1.9957E+00
+232.7500E+00,+10.3E-03,+1.9745E+00
+233.0000E+00,+10.7E-03,+1.9909E+00
+233.2500E+00,+10.7E-03,+1.9820E+00
+233.5000E+00,+10.7E-03,+1.9749E+00
+233.7500E+00,+10.7E-03,+1.9883E+00
+234.0000E+00,+10.1E-03,+1.9922E+00
+234.2500E+00,+10.1E-03,+1.9929E+00
+234.5000E+00,+11.1E-03,+1.9673E+00
+234.7500E+00,+10.7E-03,+1.9649E+00
+235.0000E+00,+10.7E-03,+1.9682E+00
+235.2500E+00,+11.1E-03,+1.9685E+00
+235.5000E+00,+10.7E-03,+1.9932E+00
+235.7500E+00,+10.4E-03,+1.9914E+00
+236.0000E+00,+10.6E-03,+1.9914E+00
+236.2500E+00,+10.7E-03,+1.9668E+00
+236.5000E+00,+10.7E-03,+1.9819E+00
+236.7500E+00,+10.7E-03,+1.9761E+00
+237.0000E+00,+10.7E-03,+1.9789E+00
+237.2500E+00,+10.7E-03,+1.9828E+00
+237.5000E+00,+10.7E-03,+1.9752E+00
+237.7500E+00,+10.3E-03,+1.9790E+00
+238.0000E+00,+10.4E-03,+1.9839E+00
+238.2500E+00,+10.7E-03,+1.9863E+00
+238.5000E+00,+10.7E-03,+1.9743E+00
+238.7500E+00,+10.1E-03,+1.9843E+00
+239.0000E+00,+18.6E-03,+2.5519E+00
+239.2500E+00,+16.3E-03,+2.5899E+00
+239.5000E+00,+15.8E-03,+2.5836E+00
+239.7500E+00,+16.4E-03,+2.5686E+00
+240.0000E+00,+16.7E-03,+2.5812E+00
+240.2500E+00,+15.9E-03,+2.5822E+00
+240.5000E+00,+16.8E-03,+2.5792E+00
+240.7500E+00,+16.6E-03,+2.5806E+00
+241.0000E+00,+16.3E-03,+2.5909E+00
+241.2500E+00,+16.3E-03,+2.5906E+00
+241.5000E+00,+16.3E-03,+2.5872E+00
+241.7500E+00,+16.4E-03,+2.5801E+00
+242.0000E+00,+16.8E-03,+2.5722E+00
+242.2500E+00,+16.3E-03,+2.5780E+00
+242.5000E+00,+16.4E-03,+2.5897E+00
+242.7500E+00,+16.3E-03,+2.5876E+00
+243.0000E+00,+16.5E-03,+2.5864E+00
+243.2500E+00,+16.3E-03,+2.5838E+00
+243.5000E+00,+16.5E-03,+2.5800E+00
+243.7500E+00,+16.3E-03,+2.5730E+00
+244.0000E+00,+16.4E-03,+2.5698E+00
+244.2500E+00,+16.6E-03,+2.5776E+00
+244.5000E+00,+16.8E-03,+2.5756E+00
+244.7500E+00,+16.3E-03,+2.5861E+00
+245.0000E+00,+16.6E-03,+2.5819E+00
+245.2500E+00,+16.4E-03,+2.5847E+00
+245.5000E+00,+16.4E-03,+2.5833E+00
+245.7500E+00,+16.3E-03,+2.5765E+00
+246.0000E+00,+16.8E-03,+2.5766E+00
+246.2500E+00,+16.5E-03,+2.5891E+00
+246.5000E+00,+16.3E-03,+2.5677E+00
+246.7500E+00,+16.9E-03,+2.5821E+00
+247.0000E+00,+16.3E-03,+2.5625E+00
+247.2500E+00,+15.8E-03,+2.5722E+00
+247.5000E+00,+16.3E-03,+2.5635E+00
+247.7500E+00,+16.0E-03,+2.5699E+00
+248.0000E+00,+16.3E-03,+2.5710E+00
+248.2500E+00,+16.3E-03,+2.5738E+00
+248.5000E+00,+16.6E-03,+2.5657E+00
+248.7500E+00,+16.3E-03,+2.5770E+00
+249.0000E+00,+16.4E-03,+2.5844E+00
+249.2500E+00,+16.3E-03,+2.5745E+00
+249.5000E+00,+16.3E-03,+2.5805E+00
+249.7500E+00,+16.8E-03,+2.5889E+00
+250.0000E+00,+16.3E-03,+2.5819E+00
+250.2500E+00,+16.3E-03,+2.5816E+00
+250.5000E+00,+16.8E-03,+2.5778E+00
+250.7500E+00,+16.3E-03,+2.5886E+00
+251.0000E+00,+16.3E-03,+2.5600E+00
+251.2500E+00,+16.5E-03,+2.5904E+00
+251.5000E+00,+16.1E-03,+2.5758E+00
+251.7500E+00,+16.9E-03,+2.5734E+00
+252.0000E+00,+16.3E-03,+2.5703E+00
+252.2500E+00,+16.0E-03,+2.5700E+00
+252.5000E+00,+16.9E-03,+2.5803E+00
+252.7500E+00,+16.3E-03,+2.5853E+00
+253.0000E+00,+16.7E-03,+2.5599E+00
+253.2500E+00,+16.4E-03,+2.5746E+00
+253.5000E+00,+16.9E-03,+2.5784E+00
+253.7500E+00,+16.8E-03,+2.5817E+00
+254.0000E+00,+16.8E-03,+2.5628E+00
+254.2500E+00,+16.6E-03,+2.5746E+00
+254.5000E+00,+16.3E-03,+2.5860E+00
+254.7500E+00,+16.3E-03,+2.5577E+00
+255.0000E+00,+16.6E-03,+2.5785E+00
+255.2500E+00,+16.3E-03,+2.5767E+00
+255.5000E+00,+16.2E-03,+2.5822E+00
+255.7500E+00,+16.3E-03,+2.5874E+00
+256.0000E+00,+16.3E-03,+2.5816E+00
+256.2500E+00,+16.3E-03,+2.5881E+00
+256.5000E+00,+16.5E-03,+2.5717E+00
+256.7500E+00,+16.9E-03,+2.5717E+00
+257.0000E+00,+16.3E-03,+2.5868E+00
+257.2500E+00,+16.7E-03,+2.5792E+00
+257.5000E+00,+16.3E-03,+2.5635E+00
+257.7500E+00,+16.0E-03,+2.5689E+00
+258.0000E+00,+15.9E-03,+2.5730E+00
+258.2500E+00,+16.3E-03,+2.5929E+00
+258.5000E+00,+16.3E-03,+2.5884E+00
+258.7500E+00,+16.5E-03,+2.5651E+00
+259.0000E+00,+16.3E-03,+2.5602E+00
+259.2500E+00,+16.3E-03,+2.5726E+00
+259.5000E+00,+16.3E-03,+2.5782E+00
+259.7500E+00,+16.8E-03,+2.5780E+00
+260.0000E+00,+16.3E-03,+2.5743E+00
+260.2500E+00,+16.3E-03,+2.5841E+00
+260.5000E+00,+16.3E-03,+2.5853E+00
+260.7500E+00,+16.6E-03,+2.5812E+00
+261.0000E+00,+16.3E-03,+2.5812E+00
+261.2500E+00,+16.5E-03,+2.5839E+00
+261.5000E+00,+16.5E-03,+2.5729E+00
+261.7500E+00,+16.3E-03,+2.5909E+00
+262.0000E+00,+16.3E-03,+2.5764E+00
+262.2500E+00,+16.9E-03,+2.5844E+00
+262.5000E+00,+16.4E-03,+2.5681E+00
+262.7500E+00,+16.7E-03,+2.5769E+00
+263.0000E+00,+16.3E-03,+2.5684E+00
+263.2500E+00,+16.4E-03,+2.5824E+00
+263.5000E+00,+16.3E-03,+2.5875E+00
+263.7500E+00,+16.4E-03,+2.5646E+00
+264.0000E+00,+16.4E-03,+2.5906E+00
+264.2500E+00,+16.6E-03,+2.5757E+00
+264.5000E+00,+16.3E-03,+2.5732E+00
+264.7500E+00,+16.5E-03,+2.5779E+00
+265.0000E+00,+16.6E-03,+2.5665E+00
+265.2500E+00,+16.3E-03,+2.5658E+00
+265.5000E+00,+16.3E-03,+2.5799E+00
+265.7500E+00,+16.9E-03,+2.5798E+00
+266.0000E+00,+15.8E-03,+2.5985E+00
+266.2500E+00,+16.3E-03,+2.5882E+00
+266.5000E+00,+16.5E-03,+2.5819E+00
+266.7500E+00,+16.3E-03,+2.5835E+00
+267.0000E+00,+16.3E-03,+2.5769E+00
+267.2500E+00,+16.3E-03,+2.5779E+00
+267.5000E+00,+16.3E-03,+2.5796E+00
+267.7500E+00,+16.3E-03,+2.5725E+00
+268.0000E+00,+16.3E-03,+2.5832E+00
+268.2500E+00,+16.3E-03,+2.5748E+00
+268.5000E+00,+16.6E-03,+2.5749E+00
+268.7500E+00,+16.3E-03,+2.5797E+00
+269.0000E+00,+22.4E-03,+2.9369E+00
+269.2500E+00,+20.5E-03,+2.9813E+00
+269.5000E+00,+20.3E-03,+2.9886E+00
+269.7500E+00,+20.4E-03,+2.9745E+00
+270.0000E+00,+20.8E-03,+2.9840E+00
+270.2500E+00,+20.3E-03,+2.9820E+00
+270.5000E+00,+20.3E-03,+2.9816E+00
+270.7500E+00,+21.2E-03,+2.9815E+00
+271.0000E+00,+20.3E-03,+2.9702E+00
+271.2500E+00,+20.8E-03,+2.9808E+00
+271.5000E+00,+20.7E-03,+2.9776E+00
+271.7500E+00,+21.4E-03,+2.9811E+00
+272.0000E+00,+20.5E-03,+2.9766E+00
+272.2500E+00,+19.7E-03,+2.9849E+00
+272.5000E+00,+20.3E-03,+2.9944E+00
+272.7500E+00,+20.6E-03,+2.9882E+00
+273.0000E+00,+20.3E-03,+2.9801E+00
+273.2500E+00,+20.8E-03,+2.9878E+00
+273.5000E+00,+20.8E-03,+2.9880E+00
+273.7500E+00,+20.8E-03,+2.9946E+00
+274.0000E+00,+20.8E-03,+2.9787E+00
+274.2500E+00,+20.6E-03,+2.9843E+00
+274.5000E+00,+20.8E-03,+2.9890E+00
+274.7500E+00,+20.5E-03,+2.9867E+00
+275.0000E+00,+20.5E-03,+2.9870E+00
+275.2500E+00,+20.8E-03,+2.9809E+00
+275.5000E+00,+20.8E-03,+2.9801E+00
+275.7500E+00,+20.3E-03,+2.9846E+00
+276.0000E+00,+20.3E-03,+2.9810E+00
+276.2500E+00,+20.8E-03,+2.9859E+00
+276.5000E+00,+20.7E-03,+2.9778E+00
+276.7500E+00,+20.3E-03,+2.9981E+00
+277.0000E+00,+20.8E-03,+2.9886E+00
+277.2500E+00,+20.8E-03,+2.9940E+00
+277.5000E+00,+20.8E-03,+2.9850E+00
+277.7500E+00,+20.3E-03,+2.9922E+00
+278.0000E+00,+20.8E-03,+2.9890E+00
+278.2500E+00,+20.8E-03,+2.9900E+00
+278.5000E+00,+20.8E-03,+2.9819E+00
+278.7500E+00,+20.8E-03,+2.9839E+00
+279.0000E+00,+20.7E-03,+2.9933E+00
+279.2500E+00,+20.3E-03,+2.9788E+00
+279.5000E+00,+20.8E-03,+2.9639E+00
+279.7500E+00,+19.9E-03,+2.9831E+00
+280.0000E+00,+20.7E-03,+2.9892E+00
+280.2500E+00,+20.8E-03,+2.9783E+00
+280.5000E+00,+20.5E-03,+2.9880E+00
+280.7500E+00,+20.7E-03,+2.9793E+00
+281.0000E+00,+20.3E-03,+2.9912E+00
+281.2500E+00,+21.2E-03,+2.9936E+00
+281.5000E+00,+20.8E-03,+2.9883E+00
+281.7500E+00,+20.8E-03,+2.9788E+00
+282.0000E+00,+20.8E-03,+2.9839E+00
+282.2500E+00,+20.8E-03,+2.9846E+00
+282.5000E+00,+20.8E-03,+2.9945E+00
+282.7500E+00,+20.8E-03,+2.9811E+00
+283.0000E+00,+20.8E-03,+2.9932E+00
+283.2500E+00,+20.8E-03,+2.9843E+00
+283.5000E+00,+20.5E-03,+2.9882E+00
+283.7500E+00,+20.8E-03,+2.9908E+00
+284.0000E+00,+20.5E-03,+2.9838E+00
+284.2500E+00,+20.7E-03,+2.9881E+00
+284.5000E+00,+20.8E-03,+2.9909E+00
+284.7500E+00,+20.5E-03,+2.9949E+00
+285.0000E+00,+20.8E-03,+2.9787E+00
+285.2500E+00,+20.3E-03,+2.9880E+00
+285.5000E+00,+20.6E-03,+2.9873E+00
+285.7500E+00,+20.8E-03,+2.9935E+00
+286.0000E+00,+20.4E-03,+2.9908E+00
+286.2500E+00,+21.2E-03,+2.9837E+00
+286.5000E+00,+20.8E-03,+2.9885E+00
+286.7500E+00,+20.9E-03,+2.9887E+00
+287.0000E+00,+20.6E-03,+2.9830E+00
+287.2500E+00,+20.8E-03,+2.9714E+00
+287.5000E+00,+20.8E-03,+2.9949E+00
+287.7500E+00,+20.6E-03,+2.9965E+00
+288.0000E+00,+20.8E-03,+2.9823E+00
+288.2500E+00,+20.8E-03,+2.9800E+00
+288.5000E+00,+21.2E-03,+2.9809E+00
+288.7500E+00,+20.8E-03,+2.9837E+00
+289.0000E+00,+20.8E-03,+2.9843E+00
+289.2500E+00,+20.8E-03,+2.9764E+00
+289.5000E+00,+20.8E-03,+2.9855E+00
+289.7500E+00,+21.1E-03,+2.9855E+00
+290.0000E+00,+20.8E-03,+2.9804E+00
+290.2500E+00,+20.8E-03,+2.9767E+00
+290.5000E+00,+20.8E-03,+2.9828E+00
+290.7500E+00,+20.8E-03,+2.9882E+00
+291.0000E+00,+20.8E-03,+2.9832E+00
+291.2500E+00,+20.6E-03,+2.9772E+00
+291.5000E+00,+20.8E-03,+2.9888E+00
+291.7500E+00,+20.7E-03,+2.9793E+00
+292.0000E+00,+20.8E-03,+2.9807E+00
+292.2500E+00,+20.9E-03,+2.9760E+00
+292.5000E+00,+20.8E-03,+2.9864E+00
+292.7500E+00,+20.8E-03,+2.9875E+00
+293.0000E+00,+20.8E-03,+2.9904E+00
+293.2500E+00,+20.3E-03,+2.9829E+00
+293.5000E+00,+20.8E-03,+2.9707E+00
+293.7500E+00,+20.8E-03,+2.9821E+00
+294.0000E+00,+20.8E-03,+2.9760E+00
+294.2500E+00,+20.8E-03,+2.9738E+00
+294.5000E+00,+20.8E-03,+2.9726E+00
+294.7500E+00,+20.8E-03,+2.9816E+00
+295.0000E+00,+21.0E-03,+2.9843E+00
+295.2500E+00,+20.9E-03,+2.9746E+00
+295.5000E+00,+20.6E-03,+2.9799E+00
+295.7500E+00,+21.4E-03,+2.9731E+00
+296.0000E+00,+20.8E-03,+2.9739E+00
+296.2500E+00,+20.8E-03,+2.9774E+00
+296.5000E+00,+20.8E-03,+2.9867E+00
+296.7500E+00,+20.8E-03,+2.9850E+00
+297.0000E+00,+20.8E-03,+2.9893E+00
+297.2500E+00,+20.8E-03,+2.9988E+00
+297.5000E+00,+20.8E-03,+2.9845E+00
+297.7500E+00,+20.8E-03,+2.9832E+00
+298.0000E+00,+20.8E-03,+2.9959E+00
+298.2500E+00,+20.8E-03,+2.9859E+00
+298.5000E+00,+20.8E-03,+2.9731E+00
+298.7500E+00,+20.9E-03,+2.9857E+00
+299.0000E+00,+20.8E-03,+2.9740E+00
+299.2500E+00,-400E-06,+872.6E-03
+299.5000E+00,-600E-06,+491.3E-03
+299.7500E+00,-300E-06,+326.4E-03
+300.0000E+00,-100E-06,+206.6E-03
+300.2500E+00,-100E-06,+133.2E-03
+300.5000E+00,-300E-06,+73.9E-03
+300.7500E+00,-600E-06,+14.1E-03
+301.0000E+00,-100E-06,+0.0E+00
+301.2500E+00,-200E-06,+600E-06
+301.5000E+00,-100E-06,+0.0E+00
+301.7500E+00,-600E-06,+0.0E+00
+302.0000E+00,-600E-06,+0.0E+00
+302.2500E+00,-500E-06,-0.0E+00
+302.5000E+00,-600E-06,+0.0E+00
+302.7500E+00,-400E-06,+0.0E+00
+303.0000E+00,-600E-06,+600E-06
+303.2500E+00,-200E-06,+0.0E+00
+303.5000E+00,+0.0E+00,+0.0E+00
+303.7500E+00,+0.0E+00,+0.0E+00
+304.0000E+00,-600E-06,+0.0E+00
+304.2500E+00,-100E-06,+0.0E+00
+304.5000E+00,-500E-06,+0.0E+00
+304.7500E+00,-600E-06,-300E-06
+305.0000E+00,-600E-06,+0.0E+00
+305.2500E+00,-600E-06,+100E-06
+305.5000E+00,-300E-06,+0.0E+00
+305.7500E+00,-500E-06,+0.0E+00
+306.0000E+00,-400E-06,+600E-06
+306.2500E+00,-300E-06,+300E-06
+306.5000E+00,+0.0E+00,+0.0E+00
+306.7500E+00,+0.0E+00,+600E-06
+307.0000E+00,+0.0E+00,+200E-06
+307.2500E+00,+600E-06,+0.0E+00
+307.5000E+00,-200E-06,+0.0E+00
+307.7500E+00,-600E-06,+0.0E+00
+308.0000E+00,-500E-06,+600E-06
+308.2500E+00,-300E-06,+0.0E+00
+308.5000E+00,-600E-06,+100E-06
+308.7500E+00,-500E-06,+0.0E+00
+309.0000E+00,-600E-06,+0.0E+00
+309.2500E+00,-100E-06,+0.0E+00
+309.5000E+00,+0.0E+00,+0.0E+00
+309.7500E+00,+0.0E+00,+0.0E+00
+310.0000E+00,+0.0E+00,+0.0E+00
+310.2500E+00,+0.0E+00,+0.0E+00
+310.5000E+00,+0.0E+00,+0.0E+00
+310.7500E+00,+0.0E+00,+0.0E+00
+311.0000E+00,+0.0E+00,+0.0E+00
+311.2500E+00,+0.0E+00,+0.0E+00
+311.5000E+00,+0.0E+00,+0.0E+00
+311.7500E+00,+0.0E+00,+0.0E+00
+312.0000E+00,+0.0E+00,+0.0E+00
+312.2500E+00,+0.0E+00,+0.0E+00
+312.5000E+00,+0.0E+00,+0.0E+00
+312.7500E+00,+0.0E+00,+0.0E+00
+313.0000E+00,+0.0E+00,+0.0E+00
+313.2500E+00,+0.0E+00,+0.0E+00
+313.5000E+00,+0.0E+00,+0.0E+00
+313.7500E+00,+0.0E+00,+0.0E+00
+314.0000E+00,+0.0E+00,+0.0E+00
+314.2500E+00,+0.0E+00,+0.0E+00
+314.5000E+00,+0.0E+00,+0.0E+00
+314.7500E+00,+0.0E+00,+0.0E+00
+315.0000E+00,+0.0E+00,+0.0E+00
+315.2500E+00,+0.0E+00,+0.0E+00
+315.5000E+00,+0.0E+00,+0.0E+00
+315.7500E+00,+0.0E+00,+0.0E+00
+316.0000E+00,+0.0E+00,+0.0E+00
+316.2500E+00,+0.0E+00,+0.0E+00
+316.5000E+00,+0.0E+00,+0.0E+00
+316.7500E+00,+0.0E+00,+0.0E+00
+317.0000E+00,+0.0E+00,+0.0E+00
+317.2500E+00,+0.0E+00,+0.0E+00
+317.5000E+00,+0.0E+00,+0.0E+00
+317.7500E+00,+0.0E+00,+0.0E+00
+318.0000E+00,+0.0E+00,+0.0E+00
+318.2500E+00,+0.0E+00,+0.0E+00
+318.5000E+00,+0.0E+00,+0.0E+00
+318.7500E+00,+0.0E+00,+0.0E+00
+319.0000E+00,+0.0E+00,+0.0E+00
+319.2500E+00,+0.0E+00,+0.0E+00
+319.5000E+00,+0.0E+00,+0.0E+00
+319.7500E+00,+0.0E+00,+0.0E+00
+320.0000E+00,+0.0E+00,+0.0E+00
+320.2500E+00,+0.0E+00,+0.0E+00
+320.5000E+00,+0.0E+00,+0.0E+00
+320.7500E+00,+0.0E+00,+0.0E+00
+321.0000E+00,+0.0E+00,+0.0E+00
+321.2500E+00,+0.0E+00,+0.0E+00
+321.5000E+00,+0.0E+00,+0.0E+00
+321.7500E+00,+0.0E+00,+0.0E+00
+322.0000E+00,+0.0E+00,+0.0E+00
+322.2500E+00,+0.0E+00,+0.0E+00
+322.5000E+00,+0.0E+00,+0.0E+00
+322.7500E+00,+0.0E+00,+0.0E+00
+323.0000E+00,+0.0E+00,+0.0E+00
+323.2500E+00,+0.0E+00,+0.0E+00
+323.5000E+00,+0.0E+00,+0.0E+00
+323.7500E+00,+0.0E+00,+0.0E+00
+324.0000E+00,+0.0E+00,+0.0E+00
+324.2500E+00,+0.0E+00,+0.0E+00
+324.5000E+00,+0.0E+00,+0.0E+00
+324.7500E+00,+0.0E+00,+0.0E+00
+325.0000E+00,+0.0E+00,+0.0E+00
+325.2500E+00,+0.0E+00,+0.0E+00
+325.5000E+00,+0.0E+00,+0.0E+00
+325.7500E+00,+0.0E+00,+0.0E+00
+326.0000E+00,+0.0E+00,+0.0E+00
+326.2500E+00,+0.0E+00,+0.0E+00
+326.5000E+00,+0.0E+00,+0.0E+00
+326.7500E+00,+0.0E+00,+0.0E+00
+327.0000E+00,+0.0E+00,+0.0E+00
+327.2500E+00,+0.0E+00,+0.0E+00
+327.5000E+00,+0.0E+00,+0.0E+00
+327.7500E+00,+0.0E+00,+0.0E+00
+328.0000E+00,+0.0E+00,+0.0E+00
+328.2500E+00,+0.0E+00,+0.0E+00
+328.5000E+00,+0.0E+00,+0.0E+00
+328.7500E+00,+0.0E+00,+0.0E+00
+329.0000E+00,+0.0E+00,+0.0E+00
+329.2500E+00,+0.0E+00,+0.0E+00
+329.5000E+00,+0.0E+00,+0.0E+00
+329.7500E+00,+0.0E+00,+0.0E+00
+330.0000E+00,+0.0E+00,+0.0E+00
+330.2500E+00,+0.0E+00,+0.0E+00
+330.5000E+00,+0.0E+00,+0.0E+00
+330.7500E+00,+0.0E+00,+0.0E+00
+331.0000E+00,+0.0E+00,+0.0E+00
+331.2500E+00,+0.0E+00,+0.0E+00
+331.5000E+00,+0.0E+00,+0.0E+00
+331.7500E+00,+0.0E+00,+0.0E+00
+332.0000E+00,+0.0E+00,+0.0E+00
+332.2500E+00,+0.0E+00,+0.0E+00
+332.5000E+00,+0.0E+00,+0.0E+00
+332.7500E+00,+0.0E+00,+0.0E+00
+333.0000E+00,+0.0E+00,+0.0E+00
+333.2500E+00,+0.0E+00,+0.0E+00
+333.5000E+00,+0.0E+00,+0.0E+00
+333.7500E+00,+0.0E+00,+0.0E+00
+334.0000E+00,+0.0E+00,+0.0E+00
+334.2500E+00,+0.0E+00,+0.0E+00
+334.5000E+00,+0.0E+00,+0.0E+00
+334.7500E+00,+0.0E+00,+0.0E+00
+335.0000E+00,+0.0E+00,+0.0E+00
+335.2500E+00,+0.0E+00,+0.0E+00
+335.5000E+00,+0.0E+00,+0.0E+00
+335.7500E+00,+0.0E+00,+0.0E+00
+336.0000E+00,+0.0E+00,+0.0E+00
+336.2500E+00,+0.0E+00,+0.0E+00
+336.5000E+00,+0.0E+00,+0.0E+00
+336.7500E+00,+0.0E+00,+0.0E+00
+337.0000E+00,+0.0E+00,+0.0E+00
+337.2500E+00,+0.0E+00,+0.0E+00
+337.5000E+00,+0.0E+00,+0.0E+00
+337.7500E+00,+0.0E+00,+0.0E+00
+338.0000E+00,+0.0E+00,+0.0E+00
+338.2500E+00,+0.0E+00,+0.0E+00
+338.5000E+00,+0.0E+00,+0.0E+00
+338.7500E+00,+0.0E+00,+0.0E+00
+339.0000E+00,+0.0E+00,+0.0E+00
+339.2500E+00,+0.0E+00,+0.0E+00
+339.5000E+00,+0.0E+00,+0.0E+00
+339.7500E+00,+0.0E+00,+0.0E+00
+340.0000E+00,+0.0E+00,+0.0E+00
+340.2500E+00,+0.0E+00,+0.0E+00
+340.5000E+00,+0.0E+00,+0.0E+00
+340.7500E+00,+0.0E+00,+0.0E+00
+341.0000E+00,+0.0E+00,+0.0E+00
+341.2500E+00,+0.0E+00,+0.0E+00
+341.5000E+00,+0.0E+00,+0.0E+00
+341.7500E+00,+0.0E+00,+0.0E+00
+342.0000E+00,+0.0E+00,+0.0E+00
+342.2500E+00,+0.0E+00,+0.0E+00
+342.5000E+00,+0.0E+00,+0.0E+00
+342.7500E+00,+0.0E+00,+0.0E+00
+343.0000E+00,+0.0E+00,+0.0E+00
+343.2500E+00,+0.0E+00,+0.0E+00
+343.5000E+00,+0.0E+00,+0.0E+00
+343.7500E+00,+0.0E+00,+0.0E+00
+344.0000E+00,+0.0E+00,+0.0E+00
+344.2500E+00,+0.0E+00,+0.0E+00
+344.5000E+00,+0.0E+00,+0.0E+00
+344.7500E+00,+0.0E+00,+0.0E+00
+345.0000E+00,+0.0E+00,+0.0E+00
+345.2500E+00,+0.0E+00,+0.0E+00
+345.5000E+00,+0.0E+00,+0.0E+00
+345.7500E+00,+0.0E+00,+0.0E+00
+346.0000E+00,+0.0E+00,+0.0E+00
+346.2500E+00,+0.0E+00,+0.0E+00
+346.5000E+00,+0.0E+00,+0.0E+00
+346.7500E+00,+0.0E+00,+0.0E+00
+347.0000E+00,+0.0E+00,+0.0E+00
+347.2500E+00,+0.0E+00,+0.0E+00
+347.5000E+00,+0.0E+00,+0.0E+00
+347.7500E+00,+0.0E+00,+0.0E+00
+348.0000E+00,+0.0E+00,+0.0E+00
+348.2500E+00,+0.0E+00,+0.0E+00
+348.5000E+00,+0.0E+00,+0.0E+00
+348.7500E+00,+0.0E+00,+0.0E+00
+349.0000E+00,+0.0E+00,+0.0E+00
+349.2500E+00,+0.0E+00,+0.0E+00
+349.5000E+00,+0.0E+00,+0.0E+00
+349.7500E+00,+0.0E+00,+0.0E+00
+350.0000E+00,+0.0E+00,+0.0E+00
+350.2500E+00,+0.0E+00,+0.0E+00
+350.5000E+00,+0.0E+00,+0.0E+00
+350.7500E+00,+0.0E+00,+0.0E+00
+351.0000E+00,+0.0E+00,+0.0E+00
+351.2500E+00,+0.0E+00,+0.0E+00
+351.5000E+00,+0.0E+00,+0.0E+00
+351.7500E+00,+0.0E+00,+0.0E+00
+352.0000E+00,+0.0E+00,+0.0E+00
+352.2500E+00,+0.0E+00,+0.0E+00
+352.5000E+00,+0.0E+00,+0.0E+00
+352.7500E+00,+0.0E+00,+0.0E+00
+353.0000E+00,+0.0E+00,+0.0E+00
+353.2500E+00,+0.0E+00,+0.0E+00
+353.5000E+00,+0.0E+00,+0.0E+00
+353.7500E+00,+0.0E+00,+0.0E+00
+354.0000E+00,+0.0E+00,+0.0E+00
+354.2500E+00,+0.0E+00,+0.0E+00
+354.5000E+00,+0.0E+00,+0.0E+00
+354.7500E+00,+0.0E+00,+0.0E+00
+355.0000E+00,+0.0E+00,+0.0E+00
+355.2500E+00,+0.0E+00,+0.0E+00
+355.5000E+00,+0.0E+00,+0.0E+00
+355.7500E+00,+0.0E+00,+0.0E+00
+356.0000E+00,+0.0E+00,+0.0E+00
+356.2500E+00,+0.0E+00,+0.0E+00
+356.5000E+00,+0.0E+00,+0.0E+00
+356.7500E+00,+0.0E+00,+0.0E+00
+357.0000E+00,+0.0E+00,+0.0E+00
+357.2500E+00,+0.0E+00,+0.0E+00
+357.5000E+00,+0.0E+00,+0.0E+00
+357.7500E+00,+0.0E+00,+0.0E+00
+358.0000E+00,+0.0E+00,+0.0E+00
+358.2500E+00,+0.0E+00,+0.0E+00
+358.5000E+00,+0.0E+00,+0.0E+00
+358.7500E+00,+0.0E+00,+0.0E+00
+359.0000E+00,+0.0E+00,+0.0E+00
+359.2500E+00,+0.0E+00,+0.0E+00
+359.5000E+00,+0.0E+00,+0.0E+00
+359.7500E+00,+0.0E+00,+0.0E+00
+360.0000E+00,+0.0E+00,+0.0E+00
+360.2500E+00,+0.0E+00,+0.0E+00
+360.5000E+00,+0.0E+00,+0.0E+00
+360.7500E+00,+0.0E+00,+0.0E+00
+361.0000E+00,+0.0E+00,+0.0E+00
+361.2500E+00,+0.0E+00,+0.0E+00
+361.5000E+00,+0.0E+00,+0.0E+00
+361.7500E+00,+0.0E+00,+0.0E+00
+362.0000E+00,+0.0E+00,+0.0E+00
+362.2500E+00,+0.0E+00,+0.0E+00
+362.5000E+00,+0.0E+00,+0.0E+00
+362.7500E+00,+0.0E+00,+0.0E+00
+363.0000E+00,+0.0E+00,+0.0E+00
+363.2500E+00,+0.0E+00,+0.0E+00
+363.5000E+00,+0.0E+00,+0.0E+00
+363.7500E+00,+0.0E+00,+0.0E+00
+364.0000E+00,+0.0E+00,+0.0E+00
+364.2500E+00,+0.0E+00,+0.0E+00
+364.5000E+00,+0.0E+00,+0.0E+00
+364.7500E+00,+0.0E+00,+0.0E+00
+365.0000E+00,+0.0E+00,+0.0E+00
+365.2500E+00,+0.0E+00,+0.0E+00
+365.5000E+00,+0.0E+00,+0.0E+00
+365.7500E+00,+0.0E+00,+0.0E+00
+366.0000E+00,+0.0E+00,+0.0E+00
+366.2500E+00,+0.0E+00,+0.0E+00
+366.5000E+00,+0.0E+00,+0.0E+00
+366.7500E+00,+0.0E+00,+0.0E+00
+367.0000E+00,+0.0E+00,+0.0E+00
+367.2500E+00,+0.0E+00,+0.0E+00
+367.5000E+00,+0.0E+00,+0.0E+00
+367.7500E+00,+0.0E+00,+0.0E+00
+368.0000E+00,+0.0E+00,+0.0E+00
+368.2500E+00,+0.0E+00,+0.0E+00
+368.5000E+00,+0.0E+00,+0.0E+00
+368.7500E+00,+0.0E+00,+0.0E+00
+369.0000E+00,+0.0E+00,+0.0E+00
+369.2500E+00,+0.0E+00,+0.0E+00
+369.5000E+00,+0.0E+00,+0.0E+00
+369.7500E+00,+0.0E+00,+0.0E+00
+370.0000E+00,+0.0E+00,+0.0E+00
+370.2500E+00,+0.0E+00,+0.0E+00
+370.5000E+00,+0.0E+00,+0.0E+00
+370.7500E+00,+0.0E+00,+0.0E+00
+371.0000E+00,+0.0E+00,+0.0E+00
+371.2500E+00,+0.0E+00,+0.0E+00
+371.5000E+00,+0.0E+00,+0.0E+00
+371.7500E+00,+0.0E+00,+0.0E+00
+372.0000E+00,+0.0E+00,+0.0E+00
+372.2500E+00,+0.0E+00,+0.0E+00
+372.5000E+00,+0.0E+00,+0.0E+00
+372.7500E+00,+0.0E+00,+0.0E+00
+373.0000E+00,+0.0E+00,+0.0E+00
+373.2500E+00,+0.0E+00,+0.0E+00
+373.5000E+00,+0.0E+00,+0.0E+00
+373.7500E+00,+0.0E+00,+0.0E+00
+374.0000E+00,+0.0E+00,+0.0E+00
+374.2500E+00,+0.0E+00,+0.0E+00
+374.5000E+00,+0.0E+00,+0.0E+00
+374.7500E+00,+0.0E+00,+0.0E+00
+375.0000E+00,+0.0E+00,+0.0E+00
+375.2500E+00,+0.0E+00,+0.0E+00
+375.5000E+00,+0.0E+00,+0.0E+00
+375.7500E+00,+0.0E+00,+0.0E+00
+376.0000E+00,+0.0E+00,+0.0E+00
+376.2500E+00,+0.0E+00,+0.0E+00
+376.5000E+00,+0.0E+00,+0.0E+00
+376.7500E+00,+0.0E+00,+0.0E+00
+377.0000E+00,+0.0E+00,+0.0E+00
+377.2500E+00,+0.0E+00,+0.0E+00
+377.5000E+00,+0.0E+00,+0.0E+00
+377.7500E+00,+0.0E+00,+0.0E+00
+378.0000E+00,+0.0E+00,+0.0E+00
+378.2500E+00,+0.0E+00,+0.0E+00
+378.5000E+00,+0.0E+00,+0.0E+00
+378.7500E+00,+0.0E+00,+0.0E+00
+379.0000E+00,+0.0E+00,+0.0E+00
+379.2500E+00,+0.0E+00,+0.0E+00
+379.5000E+00,+0.0E+00,+0.0E+00
+379.7500E+00,+0.0E+00,+0.0E+00
+380.0000E+00,+0.0E+00,+0.0E+00
+380.2500E+00,+0.0E+00,+0.0E+00
+380.5000E+00,+0.0E+00,+0.0E+00
+380.7500E+00,+0.0E+00,+0.0E+00
+381.0000E+00,+0.0E+00,+0.0E+00
+381.2500E+00,+0.0E+00,+0.0E+00
+381.5000E+00,+0.0E+00,+0.0E+00
+381.7500E+00,+0.0E+00,+0.0E+00
+382.0000E+00,+0.0E+00,+0.0E+00
+382.2500E+00,+0.0E+00,+0.0E+00
+382.5000E+00,+0.0E+00,+0.0E+00
+382.7500E+00,+0.0E+00,+0.0E+00
+383.0000E+00,+0.0E+00,+0.0E+00
+383.2500E+00,+0.0E+00,+0.0E+00
+383.5000E+00,+0.0E+00,+0.0E+00
+383.7500E+00,+0.0E+00,+0.0E+00
+384.0000E+00,+0.0E+00,+0.0E+00
+384.2500E+00,+0.0E+00,+0.0E+00
+384.5000E+00,+0.0E+00,+0.0E+00
+384.7500E+00,+0.0E+00,+0.0E+00
+385.0000E+00,+0.0E+00,+0.0E+00
+385.2500E+00,+0.0E+00,+0.0E+00
+385.5000E+00,+0.0E+00,+0.0E+00
+385.7500E+00,+0.0E+00,+0.0E+00
+386.0000E+00,+0.0E+00,+0.0E+00
+386.2500E+00,+0.0E+00,+0.0E+00
+386.5000E+00,+0.0E+00,+0.0E+00
+386.7500E+00,+0.0E+00,+0.0E+00
+387.0000E+00,+0.0E+00,+0.0E+00
+387.2500E+00,+0.0E+00,+0.0E+00
+387.5000E+00,+0.0E+00,+0.0E+00
+387.7500E+00,+0.0E+00,+0.0E+00
+388.0000E+00,+0.0E+00,+0.0E+00
+388.2500E+00,+0.0E+00,+0.0E+00
+388.5000E+00,+0.0E+00,+0.0E+00
+388.7500E+00,+0.0E+00,+0.0E+00
+389.0000E+00,+0.0E+00,+0.0E+00
+389.2500E+00,+0.0E+00,+0.0E+00
+389.5000E+00,+0.0E+00,+0.0E+00
+389.7500E+00,+0.0E+00,+0.0E+00
+390.0000E+00,+0.0E+00,+0.0E+00
+390.2500E+00,+0.0E+00,+0.0E+00
+390.5000E+00,+0.0E+00,+0.0E+00
+390.7500E+00,+0.0E+00,+0.0E+00
+391.0000E+00,+0.0E+00,+0.0E+00
+391.2500E+00,+0.0E+00,+0.0E+00
+391.5000E+00,+0.0E+00,+0.0E+00
+391.7500E+00,+0.0E+00,+0.0E+00
+392.0000E+00,+0.0E+00,+0.0E+00
+392.2500E+00,+0.0E+00,+0.0E+00
+392.5000E+00,+0.0E+00,+0.0E+00
+392.7500E+00,+0.0E+00,+0.0E+00
+393.0000E+00,+0.0E+00,+0.0E+00
+393.2500E+00,+0.0E+00,+0.0E+00
+393.5000E+00,+0.0E+00,+0.0E+00
+393.7500E+00,+0.0E+00,+0.0E+00
+394.0000E+00,+0.0E+00,+0.0E+00
+394.2500E+00,+0.0E+00,+0.0E+00
+394.5000E+00,+0.0E+00,+0.0E+00
+394.7500E+00,+0.0E+00,+0.0E+00
+395.0000E+00,+0.0E+00,+0.0E+00
+395.2500E+00,+0.0E+00,+0.0E+00
+395.5000E+00,+0.0E+00,+0.0E+00
+395.7500E+00,+0.0E+00,+0.0E+00
+396.0000E+00,+0.0E+00,+0.0E+00
+396.2500E+00,+0.0E+00,+0.0E+00
+396.5000E+00,+0.0E+00,+0.0E+00
+396.7500E+00,+0.0E+00,+0.0E+00
+397.0000E+00,+0.0E+00,+0.0E+00
+397.2500E+00,+0.0E+00,+0.0E+00
+397.5000E+00,+0.0E+00,+0.0E+00
+397.7500E+00,+0.0E+00,+0.0E+00
+398.0000E+00,+0.0E+00,+0.0E+00
+398.2500E+00,+0.0E+00,+0.0E+00
+398.5000E+00,+0.0E+00,+0.0E+00
+398.7500E+00,+0.0E+00,+0.0E+00
+399.0000E+00,+0.0E+00,+0.0E+00
+399.2500E+00,+0.0E+00,+0.0E+00
+399.5000E+00,+0.0E+00,+0.0E+00
+399.7500E+00,+0.0E+00,+0.0E+00
+400.0000E+00,+0.0E+00,+0.0E+00
+400.2500E+00,+0.0E+00,+0.0E+00
+400.5000E+00,+0.0E+00,+0.0E+00
+400.7500E+00,+0.0E+00,+0.0E+00
+401.0000E+00,+0.0E+00,+0.0E+00
+401.2500E+00,+0.0E+00,+0.0E+00
+401.5000E+00,+0.0E+00,+0.0E+00
+401.7500E+00,+0.0E+00,+0.0E+00
+402.0000E+00,+0.0E+00,+0.0E+00
+402.2500E+00,+0.0E+00,+0.0E+00
+402.5000E+00,+0.0E+00,+0.0E+00
+402.7500E+00,+0.0E+00,+0.0E+00
+403.0000E+00,+0.0E+00,+0.0E+00
+403.2500E+00,+0.0E+00,+0.0E+00
+403.5000E+00,+0.0E+00,+0.0E+00
+403.7500E+00,+0.0E+00,+0.0E+00
+404.0000E+00,+0.0E+00,+0.0E+00
+404.2500E+00,+0.0E+00,+0.0E+00
+404.5000E+00,+0.0E+00,+0.0E+00
+404.7500E+00,+0.0E+00,+0.0E+00
+405.0000E+00,+0.0E+00,+0.0E+00
+405.2500E+00,+0.0E+00,+0.0E+00
+405.5000E+00,+0.0E+00,+0.0E+00
+405.7500E+00,+0.0E+00,+0.0E+00
+406.0000E+00,+0.0E+00,+0.0E+00
+406.2500E+00,+0.0E+00,+0.0E+00
+406.5000E+00,+0.0E+00,+0.0E+00
+406.7500E+00,+0.0E+00,+0.0E+00
+407.0000E+00,+0.0E+00,+0.0E+00
+407.2500E+00,+0.0E+00,+0.0E+00
+407.5000E+00,+0.0E+00,+0.0E+00
+407.7500E+00,+0.0E+00,+0.0E+00
+408.0000E+00,+0.0E+00,+0.0E+00
+408.2500E+00,+0.0E+00,+0.0E+00
+408.5000E+00,+0.0E+00,+0.0E+00
+408.7500E+00,+0.0E+00,+0.0E+00
+409.0000E+00,+0.0E+00,+0.0E+00
+409.2500E+00,+0.0E+00,+0.0E+00
+409.5000E+00,+0.0E+00,+0.0E+00
+409.7500E+00,+0.0E+00,+0.0E+00
+410.0000E+00,+0.0E+00,+0.0E+00
+410.2500E+00,+0.0E+00,+0.0E+00
+410.5000E+00,+0.0E+00,+0.0E+00
+410.7500E+00,+0.0E+00,+0.0E+00
+411.0000E+00,+0.0E+00,+0.0E+00
+411.2500E+00,+0.0E+00,+0.0E+00
+411.5000E+00,+0.0E+00,+0.0E+00
+411.7500E+00,+0.0E+00,+0.0E+00
+412.0000E+00,+0.0E+00,+0.0E+00
+412.2500E+00,+0.0E+00,+0.0E+00
+412.5000E+00,+0.0E+00,+0.0E+00
+412.7500E+00,+0.0E+00,+0.0E+00
+413.0000E+00,+0.0E+00,+0.0E+00
+413.2500E+00,+0.0E+00,+0.0E+00
+413.5000E+00,+0.0E+00,+0.0E+00
+413.7500E+00,+0.0E+00,+0.0E+00
+414.0000E+00,+0.0E+00,+0.0E+00
+414.2500E+00,+0.0E+00,+0.0E+00
+414.5000E+00,+0.0E+00,+0.0E+00
+414.7500E+00,+0.0E+00,+0.0E+00
+415.0000E+00,+0.0E+00,+0.0E+00
+415.2500E+00,+0.0E+00,+0.0E+00
+415.5000E+00,+0.0E+00,+0.0E+00
+415.7500E+00,+0.0E+00,+0.0E+00
+416.0000E+00,+0.0E+00,+0.0E+00
+416.2500E+00,+0.0E+00,+0.0E+00
+416.5000E+00,+0.0E+00,+0.0E+00
+416.7500E+00,+0.0E+00,+0.0E+00
+417.0000E+00,+0.0E+00,+0.0E+00
+417.2500E+00,+0.0E+00,+0.0E+00
+417.5000E+00,+0.0E+00,+0.0E+00
+417.7500E+00,+0.0E+00,+0.0E+00
+418.0000E+00,+0.0E+00,+0.0E+00
+418.2500E+00,+0.0E+00,+0.0E+00
+418.5000E+00,+0.0E+00,+0.0E+00
+418.7500E+00,+0.0E+00,+0.0E+00
+419.0000E+00,+0.0E+00,+0.0E+00
+419.2500E+00,+0.0E+00,+0.0E+00
+419.5000E+00,+0.0E+00,+0.0E+00
+419.7500E+00,+0.0E+00,+0.0E+00
+420.0000E+00,+0.0E+00,+0.0E+00
+420.2500E+00,+0.0E+00,+0.0E+00
+420.5000E+00,+0.0E+00,+0.0E+00
+420.7500E+00,+0.0E+00,+0.0E+00
+421.0000E+00,+0.0E+00,+0.0E+00
+421.2500E+00,+0.0E+00,+0.0E+00
+421.5000E+00,+0.0E+00,+0.0E+00
+421.7500E+00,+0.0E+00,+0.0E+00
+422.0000E+00,+0.0E+00,+0.0E+00
+422.2500E+00,+0.0E+00,+0.0E+00
+422.5000E+00,+0.0E+00,+0.0E+00
+422.7500E+00,+0.0E+00,+0.0E+00
+423.0000E+00,+0.0E+00,+0.0E+00
+423.2500E+00,+0.0E+00,+0.0E+00
+423.5000E+00,+0.0E+00,+0.0E+00
+423.7500E+00,+0.0E+00,+0.0E+00
+424.0000E+00,+0.0E+00,+0.0E+00
+424.2500E+00,+0.0E+00,+0.0E+00
+424.5000E+00,+0.0E+00,+0.0E+00
+424.7500E+00,+0.0E+00,+0.0E+00
+425.0000E+00,+0.0E+00,+0.0E+00
+425.2500E+00,+0.0E+00,+0.0E+00
+425.5000E+00,+0.0E+00,+0.0E+00
+425.7500E+00,+0.0E+00,+0.0E+00
+426.0000E+00,+0.0E+00,+0.0E+00
+426.2500E+00,+0.0E+00,+0.0E+00
+426.5000E+00,+0.0E+00,+0.0E+00
+426.7500E+00,+0.0E+00,+0.0E+00
+427.0000E+00,+0.0E+00,+0.0E+00
+427.2500E+00,+0.0E+00,+0.0E+00
+427.5000E+00,+0.0E+00,+0.0E+00
+427.7500E+00,+0.0E+00,+0.0E+00
+428.0000E+00,+0.0E+00,+0.0E+00
+428.2500E+00,+0.0E+00,+0.0E+00
+428.5000E+00,+0.0E+00,+0.0E+00
+428.7500E+00,+0.0E+00,+0.0E+00
+429.0000E+00,+0.0E+00,+0.0E+00
+429.2500E+00,+0.0E+00,+0.0E+00
+429.5000E+00,+0.0E+00,+0.0E+00
+429.7500E+00,+0.0E+00,+0.0E+00
+430.0000E+00,+0.0E+00,+0.0E+00
+430.2500E+00,+0.0E+00,+0.0E+00
+430.5000E+00,+0.0E+00,+0.0E+00
+430.7500E+00,+0.0E+00,+0.0E+00
+431.0000E+00,+0.0E+00,+0.0E+00
+431.2500E+00,+0.0E+00,+0.0E+00
+431.5000E+00,+0.0E+00,+0.0E+00
+431.7500E+00,+0.0E+00,+0.0E+00
+432.0000E+00,+0.0E+00,+0.0E+00
+432.2500E+00,+0.0E+00,+0.0E+00
+432.5000E+00,+0.0E+00,+0.0E+00
+432.7500E+00,+0.0E+00,+0.0E+00
+433.0000E+00,+0.0E+00,+0.0E+00
+433.2500E+00,+0.0E+00,+0.0E+00
+433.5000E+00,+0.0E+00,+0.0E+00
+433.7500E+00,+0.0E+00,+0.0E+00
+434.0000E+00,+0.0E+00,+0.0E+00
+434.2500E+00,+0.0E+00,+0.0E+00
+434.5000E+00,+0.0E+00,+0.0E+00
+434.7500E+00,+0.0E+00,+0.0E+00
+435.0000E+00,+0.0E+00,+0.0E+00
+435.2500E+00,+0.0E+00,+0.0E+00
+435.5000E+00,+0.0E+00,+0.0E+00
+435.7500E+00,+0.0E+00,+0.0E+00
+436.0000E+00,+0.0E+00,+0.0E+00
+436.2500E+00,+0.0E+00,+0.0E+00
+436.5000E+00,+0.0E+00,+0.0E+00
+436.7500E+00,+0.0E+00,+0.0E+00
+437.0000E+00,+0.0E+00,+0.0E+00
+437.2500E+00,+0.0E+00,+0.0E+00
+437.5000E+00,+0.0E+00,+0.0E+00
+437.7500E+00,+0.0E+00,+0.0E+00
+438.0000E+00,+0.0E+00,+0.0E+00
+438.2500E+00,+0.0E+00,+0.0E+00
+438.5000E+00,+0.0E+00,+0.0E+00
+438.7500E+00,+0.0E+00,+0.0E+00
+439.0000E+00,+0.0E+00,+0.0E+00
+439.2500E+00,+0.0E+00,+0.0E+00
+439.5000E+00,+0.0E+00,+0.0E+00
+439.7500E+00,+0.0E+00,+0.0E+00
+440.0000E+00,+0.0E+00,+0.0E+00
+440.2500E+00,+0.0E+00,+0.0E+00
+440.5000E+00,+0.0E+00,+0.0E+00
+440.7500E+00,+0.0E+00,+0.0E+00
+441.0000E+00,+0.0E+00,+0.0E+00
+441.2500E+00,+0.0E+00,+0.0E+00
+441.5000E+00,+0.0E+00,+0.0E+00
+441.7500E+00,+0.0E+00,+0.0E+00
+442.0000E+00,+0.0E+00,+0.0E+00
+442.2500E+00,+0.0E+00,+0.0E+00
+442.5000E+00,+0.0E+00,+0.0E+00
+442.7500E+00,+0.0E+00,+0.0E+00
+443.0000E+00,+0.0E+00,+0.0E+00
+443.2500E+00,+0.0E+00,+0.0E+00
+443.5000E+00,+0.0E+00,+0.0E+00
+443.7500E+00,+0.0E+00,+0.0E+00
+444.0000E+00,+0.0E+00,+0.0E+00
+444.2500E+00,+0.0E+00,+0.0E+00
+444.5000E+00,+0.0E+00,+0.0E+00
+444.7500E+00,+0.0E+00,+0.0E+00
+445.0000E+00,+0.0E+00,+0.0E+00
+445.2500E+00,+0.0E+00,+0.0E+00
+445.5000E+00,+0.0E+00,+0.0E+00
+445.7500E+00,+0.0E+00,+0.0E+00
+446.0000E+00,+0.0E+00,+0.0E+00
+446.2500E+00,+0.0E+00,+0.0E+00
+446.5000E+00,+0.0E+00,+0.0E+00
+446.7500E+00,+0.0E+00,+0.0E+00
+447.0000E+00,+0.0E+00,+0.0E+00
+447.2500E+00,+0.0E+00,+0.0E+00
+447.5000E+00,+0.0E+00,+0.0E+00
+447.7500E+00,+0.0E+00,+0.0E+00
+448.0000E+00,+0.0E+00,+0.0E+00
+448.2500E+00,+0.0E+00,+0.0E+00
+448.5000E+00,+0.0E+00,+0.0E+00
+448.7500E+00,+0.0E+00,+0.0E+00
+449.0000E+00,+0.0E+00,+0.0E+00
+449.2500E+00,+0.0E+00,+0.0E+00
+449.5000E+00,+0.0E+00,+0.0E+00
+449.7500E+00,+0.0E+00,+0.0E+00
